Course Name,Course Code,Component,Major,Room,Day,Start Time,End Time,Seats,Faculty,L/T/P Hour,Slot,Open as UWE,Type,Action,Class Notes
Explorations in 2D,ART210,LEC1,UWE,B004,T,03:30 PM,05:30 PM,30,"Anupam  Roy[20501650],
",2,2,YES,UWE,,Open as UWE
Explorations in 2D,ART210,PRAC1,UWE,B004,Th,03:30 PM,05:30 PM,30,"Anupam  Roy[20501650],
",2,2,YES,UWE,,Open as UWE
Photographic Image,ART342,LEC1,UWE,B004,T,10:30 AM,12:30 PM,30,"Sreedeep  Bhattacharya[20500250],
",3,1.5,Yes,UWE,,Open as UWE
Photographic Image,ART342,PRAC1,UWE,B004,Th,10:30 AM,11:30 AM,30,"Sreedeep  Bhattacharya[20500250],
",1,1,Yes,UWE,,Open as UWE
Photographic Image,ART342,PRAC1,UWE,B004,Th,11:30 AM,12:30 PM,30,"Sreedeep  Bhattacharya[20500250],
",1,1,Yes,UWE,,Open as UWE
Film and the Moving Image,ART651,LEC1,UWE,B004,T,01:30 PM,03:30 PM,30,"Iram  Ghufran[20501623],
",2,2,YES,UWE,,Open as UWE
Film and the Moving Image,ART651,PRAC1,UWE,B004,Th,01:30 PM,03:30 PM,30,"Iram  Ghufran[20501623],
",2,2,YES,UWE,,Open as UWE
Critical Art History: An Introduction,ART202,LEC1,UWE,B007,MW,03:00 PM,05:00 PM,30,Shramona Maiti,4,2,YES,UWE,,Open as UWE
Plant Sciences,BIO107,LEC1,BIO1YR,B309,MWF,01:00 PM,02:00 PM,45,"Rohini  Garg[20500633],
",3,1,NO,Major,,NOT OPEN AS UWE
Plant Sciences,BIO107,PRAC1,BIO1YR,B314,W,02:00 PM,05:00 PM,45,"Rohini  Garg[20500633],
",3,3,NO,Major,,NOT OPEN AS UWE
Essentials of Biology,BIO113,LEC1,CHY1YR CHD2YR,B309,T,02:00 PM,03:00 PM,30,"Sri Krishna Jayadev Magani[20500054],
",2,1,YES,Major,,Open as UWE
Essentials of Biology,BIO113,LEC1,CHY1YR CHD2YR,B309,Th,12:00 PM,01:00 PM,30,"Sri Krishna Jayadev Magani[20500054],
",2,1,YES,Major,,Open as UWE
Essentials of Biology,BIO113,PRAC1,CHY1YR,B308,W,02:00 PM,05:00 PM,30,"Sri Krishna Jayadev Magani[20500054],
",3,3,YES,Major,,Open as UWE
Basic Probability & Statistics,BIO114,LEC1,BIO1YR,D102,MW,09:00 AM,10:00 AM,45,"Neelesh Naresh Dahanukar[20501487],
",2,1,NO,Major,,NOT OPEN AS UWE
Basic Probability & Statistics,BIO114,TUT1,BIO1YR,D106,F,09:00 AM,10:00 AM,45,"Neelesh Naresh Dahanukar[20501487],
",1,1,NO,Major,,NOT OPEN AS UWE
Bioanalytical Techniques,BIO205,LEC1,BIO2YR CHY2YR,B007,TTh,09:00 AM,10:00 AM,45,"Naga SureshVeerapu[20500209], Koyeli Mapa[20500426],
",2,1,YES,Major,,Open as UWE
Bioanalytical Techniques,BIO205,PRAC1,BIO2YR CHY2YR,B310,M,02:00 PM,05:00 PM,45,"Naga SureshVeerapu[20500209], Koyeli Mapa[20500426],
",3,3,YES,Major,,Open as UWE
Fundamentals of Molecular Bio,BIO206,LEC1,BIO2YR,D110,MW,09:00 AM,10:00 AM,40,"Rudra Nayan Das[20501823],Richa  Priyadarshini[20500150]",2,1,YES,Major,,Open as UWE
Fundamentals of Molecular Bio,BIO206,PRAC1,BIO2YR,B308,F,02:00 PM,05:00 PM,40,"Rudra Nayan Das[20501823],Richa  Priyadarshini[20500150]",3,3,YES,Major,,Open as UWE
Immunology,BIO207,LEC1,BIO2YR,D102,MW,10:00 AM,11:00 AM,40,"Jugal Kishore Das[20501856],Sri Krishna Jayadev Magani[20500054],
",2,1,YES,Major,,Open as UWE
Immunology,BIO207,PRAC1,BIO2YR,B310,T,10:00 AM,01:00 PM,40,"Jugal Kishore Das[20501856],Sri Krishna Jayadev Magani[20500054],
",3,3,YES,Major,,Open as UWE
Bioinformatics,BIO208,LEC1,BIO2YR,B309,Th,10:30 AM,11:30 AM,45,"Ashutosh  Singh[20500053],
",2,1,YES,Major,,Open as UWE
Bioinformatics,BIO208,LEC1,BIO2YR,D102,F,10:00 AM,11:00 AM,45,"Ashutosh  Singh[20500053],
",2,1,YES,Major,,Open as UWE
Bioinformatics,BIO208,PRAC1,BIO2YR,A315,W,02:00 PM,05:00 PM,45,"Ashutosh  Singh[20500053],
",3,3,YES,Major,,Open as UWE
"Genomics, Proteomics & Sys Bio",BIO305,LEC1,BIO3YR,B205,TTh,09:00 AM,10:00 AM,30,"Puli Chandramouli Reddy[20501494],
Rajan  Vyas[20501250],
",2,1,YES,Major,,Open as UWE
"Genomics, Proteomics & Sys Bio",BIO305,PRAC1,BIO3YR,B310,W,02:00 PM,05:00 PM,30,"Puli Chandramouli Reddy[20501494],
Rajan  Vyas[20501250],
",3,3,YES,Major,,Open as UWE
"IPR, Patent Laws & Bioethics",BIO307,LEC1,BIO3YR,D202,MWF,09:00 AM,10:00 AM,40,"Vinita  Krishna[20501149],Colin Christopher Jamora[20501869],
",3,1,YES,Major,,Open as UWE
Cancer Biology,BIO309,LEC1,BIO3YR,B203,TThF,02:00 PM,03:00 PM,30,"Anindita  Chakrabarty[20500316],
",3,1,YES,Major Elective,,Open as UWE
Neuroscience and Cognition,BIO322,LEC1,BIO3YR,D026,MWF,01:00 PM,02:00 PM,30,"Prasun Kumar Roy[20501577],
Sachin Suhas Deshmukh[20501643],
",3,1,YES,Major Elective,,Open as UWE
The Functional Basis of......,BIO325,LEC1,BIO3YR,D110,MWF,05:00 PM,06:00 PM,30,"Prasun Kumar Roy[20501577],
",3,1,YES,Major Elective,,Open as UWE
Developmental Biology,BIO326,LEC1,BIO3YR,B303,TTh,10:30 AM,11:30 AM,30,"Puli Chandramouli Reddy[20501494],
Geetanjali  Chawla[20501652],
",2,1,YES,Major,,Open as UWE
Developmental Biology,BIO326,PRAC1,BIO3YR,B314,M,02:00 PM,05:00 PM,30,"Geetanjali  Chawla[20501652],
Puli Chandramouli Reddy[20501494],
",3,3,YES,Major,,Open as UWE
Medical Microbiology,BIO328,LEC1,BIO3YR,B305,MWF,01:00 PM,02:00 PM,30,"Richa  Priyadarshini[20500150],
Koyeli  Mapa[20500426],
",3,1,YES,Major Elective,,Open as UWE
Systems Biology in Drug Disc..,BIO329,LEC1,BIO3YR,D106,MWF,05:00 PM,06:00 PM,30,"Sanjeev Anant Galande[20501434],
",3,1,YES,Major Elective,,Open as UWE
Project Dissertation,BIO403,PRAC1,BIO4YR,B310,F,02:00 PM,05:00 PM,31,"Neelesh Naresh Dahanukar[20501487],
",,,NO,Major,,NOT OPEN AS UWE
Mathematics in India,CCC101,LEC1,CCC,D022,MW,11:00 AM,12:30 PM,60,Amber Habib,3,1.5,NO,CCC,,
Protest Mvmts Around the World,CCC246,LEC1,CCC,D102,WF,11:00 AM,12:30 PM,50,"Jabin Thomas Jacob[20501014],
",3,1.5,NO,CCC,,
Conspiracy Theories: History’s,CCC250,LEC1,CCC,D202,MWF,11:00 AM,12:00 PM,60,"Iman Kumar Mitra[20501006],
",3,1,NO,CCC,,
Chemistry in our Life,CCC407,LEC1,CCC,D003,MW,11:00 AM,12:30 PM,75,"Nidhi  Malhotra[20501761],
",3,1.5,NO,CCC,,
General Biochemistry,CCC411,LEC1,CCC,B012,MW,11:00 AM,12:30 PM,75,"Bidyut  Sarkar[20501872],
",3,1.5,NO,CCC,,
"Cancer,a Deadly Disease.......",CCC419,LEC1,CCC,B309,MWF,11:00 AM,12:00 PM,40,"Anindita  Chakrabarty[20500316],
",3,1,NO,CCC,,
General Biochemistry..........,CCC441,LEC1,CCC,B108,MW,11:00 AM,12:30 PM,75,"Animesh  Samanta[20501079],
",3,1.5,NO,CCC,,
Brain Sciences and Cognition,CCC512,LEC1,CCC,B311,MWF,11:00 AM,12:00 PM,50,"Prasun Kumar Roy[20501577],
",3,1,NO,CCC,,
A Gentle Intro. to Python,CCC634,LEC1,CCC,B016,MW,11:00 AM,12:30 PM,80,"Simple  .[20500397],
",3,1.5,NO,CCC,,
Logic and Reasoning,CCC639,LEC1,CCC,D106,MW,11:00 AM,12:30 PM,60,Dipti Dubey,3,1.5,NO,CCC,,
Logic and Reasoning,CCC682,LEC1,CCC,D110,MWF,11:00 AM,12:00 PM,60,"Swaminath  Bharadwaj Gourishankar[20501653],
",3,1,NO,CCC,,
Logic and Reasoning,CCC684,LEC1,CCC,D206,MWF,11:00 AM,12:00 PM,60,"Sujit Kashinath Tandel[20501802],
",3,1,NO,CCC,,
Logic and Reasoning,CCC696,LEC1,CCC,D210,MWF,11:00 AM,12:00 PM,30,"Koyeli  Mapa[20500426],
",3,1,NO,CCC,,
Logic and Reasoning,CCC720,LEC1,CCC,D217,MW,11:00 AM,12:30 PM,100,"Sailesh Narayan Behera[20500422],
",3,1.5,NO,CCC,,
Logic and Reasoning,CCC722,LEC1,CCC,D222,MW,11:00 AM,12:30 PM,30,"Rajeswari Sarala Raina[20500660],
",3,1.5,NO,CCC,,
Logic and Reasoning,CCC801,LEC1,CCC,D007,MW,11:00 AM,12:30 PM,60,"Neha Gupta
",3,1.5,NO,CCC,,
Logic and Reasoning,CCC805,LEC1,CCC,D026,MW,11:00 AM,12:30 PM,60,SnehLata,3,1.5,NO,CCC,,
Logic and Reasoning,CCC844,LEC1,CCC,D226,MWF,11:00 AM,12:00 PM,40,"Neelesh Naresh Dahanukar[20501487],
",3,1,NO,CCC,,
EVS,CCC704,LEC1,PHY1YR BIO1YR CHD1YR INT1YR ENF1YR ECO1YR,B315,MWF,11:00 AM,12:00 PM,300,Prem Pandey,3,1,NO,CCC,,
Logic and Reasoning,CCC704,LEC1,ELC11 ELC12 ELC13 ELC14 ELC15 ELC16 ELC17,B315,MWF,05:00 PM,06:00 PM,300,Prem Pandey,3,1,NO,CCC,,
,CCC847,LEC1,,D122,MWF,11:00 AM,12:00 PM,60,"Sunil K Parameswaran[20501471],",3,1,NO,CCC,,
,CCC356,LEC1,FULL SEMESTER COURSE,B007,MW,11:00 AM,12:30 PM,60,"Muneef Khan
",3,1,NO,CCC,,
Engineering Mechanics,CED101,LEC1,CED1YR,D109,TTh,10:30 AM,12:00 PM,30,"Jagabandhu  Dixit[20500135],
",3,1.5,NO,Major,,NOT OPEN AS UWE
Engineering Mechanics,CED101,TUT1,CED1YR,D106,F,04:00 PM,05:00 PM,30,"Jagabandhu  Dixit[20500135],
",1,1,NO,Major,,NOT OPEN AS UWE
Engineering Hydrology,CED203,LEC1,CED2YR,D209,TTh,02:00 PM,03:00 PM,30,"Hitesh  Upreti[20501296],
",2,1,NO,Major,,NOT OPEN AS UWE
Hydraulic Engineering,CED207,LEC1,CED2YR,D209,TTh,10:30 AM,11:30 AM,30,"Gopal Das Singhal[20500079],
",2,1,YES,Major,,Open as UWE
Hydraulic Engineering,CED207,PRAC1,CED2YR,C013,F,01:00 PM,03:00 PM,30,"Gopal Das Singhal[20500079],
",2,2,YES,Major,,Open as UWE
Risk and Reliability Analysis,CED218,LEC1,CED2YR,D206,MWF,09:00 AM,10:00 AM,30,"Manoj Kumar Singh[20501585],
",3,1,NO,Major,,NOT OPEN AS UWE
Concrete Technology,CED219,LEC1,CED2YR,D118,MW,10:00 AM,11:00 AM,30,"Sumedha  Moharana[20500215],
",2,1,YES,Major,,Open as UWE
Concrete Technology,CED219,PRAC1,CED2YR,C006,F,03:00 PM,05:00 PM,30,"Sumedha  Moharana[20500215],
",2,2,YES,Major,,Open as UWE
Structural Analysis,CED220,LEC1,CED2YR,D118,TTh,09:00 AM,10:30 AM,30,"Ghanshyam  Pal[20500891],
",3,1.5,NO,Major,,NOT OPEN AS UWE
Foundation Analysis and Design,CED306,LEC1,CED3YR,D309,TTh,02:00 PM,03:30 PM,30,"Jagabandhu  Dixit[20500135],
",3,1.5,NO,Major,,NOT OPEN AS UWE
Environmental Engineering,CED308,LEC1,CED3YR,D022,TTh,08:00 AM,09:30 AM,60,"Susant Kumar Padhi[20501001],
",3,1.5,YES,Major,,Open as UWE
Environmental Engineering,CED308,PRAC1,CED3YR,C017,W,01:00 PM,03:00 PM,60,"Susant Kumar Padhi[20501001],
",2,2,YES,Major,,Open as UWE
Transportation Engineering II,CED309,LEC1,CED3YR CED4YR,D118,TTh,10:30 AM,12:00 PM,30,"Shalini  Rankavat[20501010],
",3,1.5,Yes,Major Elective,,Open as UWE
Introduction to Data Analytics,CED324,LEC1,CED3YR,D309,MWF,10:00 AM,11:00 AM,30,"Gyan  Vikash[20500145],
",3,1,Yes,Major,,Open as UWE
Irrigation Water Management,CED329,LEC1,CED3YR,D118,MW,03:00 PM,04:30 PM,30,"Hitesh Upreti
",3,1,Yes,Major Elective,,Open as UWE
Digital Design and Construction through BIM,CED328,LEC1,CED3YR,D210,MW,09:00 AM,10:00 AM,30,"Nitin Burud
",2,1,Yes,Major Elective,,Open as UWE
Digital Design and Construction through BIM,CED328,PRAC1,CED3YR,,F,01:00 PM,03:00 PM,30,"Nitin Burud
",2,2,Yes,Major Elective,,Open as UWE
Design of Steel Structures,CED401,LEC1,CED3YR,B205,MW,03:00 PM,04:30 PM,30,"Atri  Nath[20501588],
",3,1.5,No,Major,,NOT OPEN AS UWE
Bio. Processes in Env. Engg.,CED413,LEC1,CED3YR CED4YR,D118,MW,08:00 AM,09:30 AM,30,"Susant Kumar Padhi[20501001],
",3,1.5,Yes,Major Elective,,Open as UWE
Building Physics,CED420,LEC1,CED4YR CSD4YR MED4YR EEE4YR ECE4YR,D102,MWF,05:00 PM,06:00 PM,30,"Manoj Kumar Singh[20501585],
",3,1,Yes,Major Elective,,Open as UWE
Public Transport Systems,CED421,LEC1,CED4YR,D102,TTh,03:30 PM,05:00 PM,60,"Shalini  Rankavat[20500763],
",3,1.5,Yes,Major Elective,,Open as UWE
Introduction to Chemical & Bio,CHD111,LEC1,CHD1YR,D102,TTh,10:30 AM,11:30 AM,30,"Rajendra Prasad Chhabra[20501592],
",2,1,YES,Major,,"Open as UWE, Non-engineering students not allowed. If you want to take this course as UWE, then you should seek permission from the course instructor"
Introduction to Chemical & Bio,CHD111,TUT1,CHD1YR,D102,T,01:00 PM,02:00 PM,30,"Rajendra Prasad Chhabra[20501592],
",1,1,YES,Major,,Open as UWE
Chemical Reaction Engg. I,CHD225,LEC1,CHD2YR,B303,MW,02:00 PM,03:30 PM,30,"Sanjay  Krishna[20501646],
",3,1.5,YES,Major,,Open as UWE
Heat Transfer,CHD226,LEC1,CHD2YR,B305,MWF,10:00 AM,11:00 AM,30,"Sanjay  Krishna[20501646], Rajendra Prasad Chhabra[20501592]",3,1,Yes,Major,,Open as UWE
Mechanical Operations,CHD227,LEC1,CHD2YR,D106,TTh,10:30 AM,12:00 PM,30,"SOURODIPTO MODAK[2010120919],
Priyanka  .[20501347],
",3,1.5,NO,Major,,NOT OPEN AS UWE
Biochemistry,CHD229,LEC1,CHD2YR,D222,MWF,09:00 AM,10:00 AM,30,"Ranjit  Kumar[20501593],
",3,1,Yes,Major,,Open as UWE
Numerical Methods,CHD262,LEC1,CHD2YR,D102,TTh,09:00 AM,10:30 AM,30,"GARIMA HIREKAR[2110121130],
APPURVA TIWARI[2010120803],
Ashish Kumar Thokchom[20501203],
",3,1.5,NO,Major Elective,,NOT OPEN AS UWE
Chemical Engg. Laboratory - II,CHD323,PRAC1,CHD3YR,B316,MW,01:00 PM,03:00 PM,30,"Sanjeev  Yadav[20500213],
Priyanka  .[20501347],
",4,2,NO,Major,,NOT OPEN AS UWE
Mass Transfer-II,CHD327,LEC1,CHD3YR,D106,TTh,09:00 AM,10:30 AM,30,"BHALAJI M[2110121069],
V.M  Rajesh[20500329],
",3,1.5,NO,Major,,NOT OPEN AS UWE
Transport Phenomenon,CHD328,LEC1,CHD3YR,D226,MWF,09:00 AM,10:00 AM,30,"Karan  Gupta[20500945],
",3,1,NO,Major,,NOT OPEN AS UWE
Biomass Conversion to Bioenerg,CHD329,LEC1,CHD3YR,B205,MW,10:00 AM,11:00 AM,30,"Sanjeev  Yadav[20500213],
SURYA DE[2210120998],
AAYUSH RAIZADA[2010120777],
",2,1,NO,Major,,NOT OPEN AS UWE
Biomass Conversion to Bioenerg,CHD329,PRAC1,CHD3YR,,F,03:00 PM,05:00 PM,30,"Sanjeev  Yadav[20500213],
SURYA DE[2210120998],
AAYUSH RAIZADA[2010120777],
",2,2,NO,Major,,NOT OPEN AS UWE
Mod. & Sim. of Chem. Engg. Sys,CHD384,LEC1,CHD3YR,D110,TTh,10:30 AM,12:00 PM,30,"NABILA TABASSUM[2110121077],
MANSINGH YADAV[2210120990],
Yamini Sudha Sistla[20500907],
",3,1.5,NO,Major,,NOT OPEN AS UWE
Chemical Technology,CHD413,LEC1,CHD3YR,B305,MW,03:30 PM,05:00 PM,30,"Ashish Kumar Thokchom[20501203],
Yamini Sudha Sistla[20500907],
",3,1.5,NO,Major,,NOT OPEN AS UWE
Process Equipment Design,CHD415,LEC1,CHD3YR,D102,TTh,05:00 PM,06:30 PM,30,"Swaminath  Bharadwaj Gourishankar[20501653],
",3,1.5,NO,Major,,NOT OPEN AS UWE
Major Project,CHD440,PRAC1,CHD4YR,,,,,14,"Ashish Kumar Thokchom[20501203],
Priyanka  .[20501347],
Yamini Sudha Sistla[20500907],
Dhiraj Kumar Garg[20500374],
Sanjeev  Yadav[20500213],
V.M  Rajesh[20500329],
Swaminath  Bharadwaj Gourishankar[20501653],
Sanjay  Krishna[20501646],
Rajendra Prasad Chhabra[20501592],
Ranjit  Kumar[20501593],
Karan  Gupta[20500945],
",12,12,NO,Major,,NOT OPEN AS UWE
Mathematics For Chemists-II,CHY104,LEC1,CHY1YR,B303,MWF,08:00 AM,09:00 AM,25,"Naiwrit  Karmodak[20501631],
",3,1,NO,Major,,NOT OPEN AS UWE
Mathematics For Chemists-II,CHY104,TUT1,CHY1YR,B303,W,05:00 PM,06:00 PM,20,"Naiwrit  Karmodak[20501631],
",1,1,NO,Major,,NOT OPEN AS UWE
Molecular modelling,CHY114,LEC1,CHY1YR,D102,F,06:00 PM,07:00 PM,30,"Kshatresh Dutta Dubey[20501539],
",1,1,YES,Major,,Open as UWE
Molecular modelling,CHY114,PRAC1,CHY1YR,D114,T,03:00 PM,05:00 PM,30,"Kshatresh Dutta Dubey[20501539],
",2,2,YES,Major,,Open as UWE
Basic Organic Chemistry I,CHY122,LEC1,CHY1YR BIO1YR,D006,TTh,08:00 AM,09:00 AM,75,"Santanu  Ghosh[20501662],
",2,1,YES,Major,,Open as UWE
Basic Organic Chemistry I,CHY122,TUT1,CHY1YR BIO1YR,D003,M,05:00 PM,06:00 PM,75,"Santanu  Ghosh[20501662],
",1,1,YES,Major,,Open as UWE
Basic Organic Chemistry I,CHY122,PRAC1,CHY1YR BIO1YR,B212 B214,F,02:00 PM,05:00 PM,75,"Bimlesh  Lochab[20500076],
",3,3,YES,Major,,Open as UWE
Inorganic Chemistry-I,CHY144,LEC1,CHY1YR,D302,MWF,09:00 AM,10:00 AM,40,"Basab Bijayi Dhar[20500431],
",3,1,YES,Major,,Open as UWE
Inorganic Chemistry-I,CHY144,PRAC1,CHY1YR,B212,Th,02:00 PM,05:00 PM,40,"Siddiqui Md Mujahuddin[20501826],
",3,3,YES,Major,,Open as UWE
Chemical Apps. of Group Theory,CHY212,LEC1,CHY2YR,B217,MWF,05:00 PM,06:00 PM,25,"Biswajit  Guchhait[20501118],
",3,1,YES,Major,,Open as UWE
Modelling chemical reactions,CHY216,LEC1,CHY2YR,D309,TTh,10:00 AM,11:00 AM,20,"Kshatresh Dutta Dubey[20501539],
",2,1,YES,Major,,Open as UWE
Modelling chemical reactions,CHY216,PRAC1,CHY2YR,D114,F,03:00 PM,05:00 PM,20,"Kshatresh Dutta Dubey[20501539],
",2,2,YES,Major,,Open as UWE
Chemistry of Carbonyl Compound,CHY222,LEC1,CHY2YR,B203,TTh,08:00 AM,09:00 AM,25,"Ajoy  Kapat[20501102],
",2,1,YES,Major,,Open as UWE
Chemistry of Carbonyl Compound,CHY222,TUT1,CHY2YR,B203,M,01:00 PM,02:00 PM,25,"Ajoy  Kapat[20501102],
",1,1,YES,Major,,Open as UWE
Chemistry of Carbonyl Compound,CHY222,PRAC1,CHY2YR,B214,W,02:00 PM,05:00 PM,25,"Ajoy  Kapat[20501102],
",3,3,YES,Major,,Open as UWE
Fundamentals of Protein Chem..,CHY226,LEC1,CHY2YR,D109,MWF,09:00 AM,10:00 AM,15,"Bidyut  Sarkar[20501872],
Tatini  Rakshit[20501510],
",3,1,YES,Major,,Open as UWE
Fundamentals of Protein Chem..,CHY226,TUT1,CHY2YR,D209,W,01:00 PM,02:00 PM,15,"Bidyut  Sarkar[20501872],
Tatini  Rakshit[20501510],
",1,1,YES,Major,,Open as UWE
Coordination Chemistry,CHY242,LEC1,CHY2YR,B303,MWF,10:00 AM,11:00 AM,25,"Debdas  Ray[20500191],
",3,1,YES,Major,,Open as UWE
Coordination Chemistry,CHY242,PRAC1,CHY2YR,B214,T,02:00 PM,05:00 PM,25,"Debdas  Ray[20500191],
",3,3,YES,Major,,Open as UWE
Characterization And Analysis.,CHY246,LEC1,CHY2YR,B207,TTh,11:00 AM,12:00 PM,15,"Tushar  Debnath[20501853],
",2,1,Yes,Major,,Open as UWE
Characterization And Analysis.,CHY246,PRAC1,CHY2YR,B214,Th,02:00 PM,04:00 PM,15,"Tushar  Debnath[20501853],
",2,2,Yes,Major,,Open as UWE
Heterocyclic chemistry,CHY322,LEC1,CHY3YR,D109,MWF,01:00 PM,02:00 PM,20,"Subhabrata  Sen[20501107],
",3,1,YES,Major,,Open as UWE
Chemistry of Solids & Surfaces,CHY342,LEC1,CHY3YR,D209,MWF,09:00 AM,10:00 AM,20,"Tushar  Debnath[20501853],
Parthapratim  Munshi[20500205],
",3,1,YES,Major,,Open as UWE
Advanced Bio-inorganic chemist,CHY348,LEC1,BIO3YR,D109,MWF,10:00 AM,11:00 AM,20,"Basab Bijayi Dhar[20500431],
",3,1,YES,Major,,Open as UWE
Advanced Biochemistry,CHY352,LEC1,CHY3YR,B205,MWF,05:00 PM,06:00 PM,20,"Animesh  Samanta[20501079],
",3,1,Yes,Major Elective,,Open as UWE
Medicinal chem.of organic mol.,CHY424,LEC1,BIO4YR,D209,MWF,10:00 AM,11:00 AM,20,"Subhabrata  Sen[20501107],
",3,1,YES,Major Elective,,Open as UWE
Nanotechnology & nanomaterias,CHY444,LEC1,CHY3YR CHY4YR,D110,TTh,09:00 AM,10:30 AM,25,"Santosh Kumar Singh[20501509],
",3,1.5,YES,Major Elective,,Open as UWE
Food Chemistry,CHY456,LEC1,CHY3YR CHY4YR,B203,MWF,10:00 AM,11:00 AM,25,"Tatini  Rakshit[20501510],
",3,1,YES,Major Elective,,Open as UWE
Informatics and Drug Discovery,CHY522,LEC1,CHY3YR,B307,TTh,11:00 AM,12:00 PM,20,"Nidhi  Malhotra[20501761],
",2,1,YES,Major,,Open as UWE
Informatics and Drug Discovery,CHY522,PRAC1,CHY3YR,D114,W,03:00 PM,05:00 PM,20,"Nidhi  Malhotra[20501761],
",2,2,YES,Major,,Open as UWE
Supramolecular Chem.,CHY542,LEC1,CHY4YR,B203,MWF,05:00 PM,06:00 PM,15,"Bappaditya  Gole[20501351],
",3,1,No,Major Elective,,NOT OPEN AS UWE
Frontiers in Inorganic Chemist,CHY548,LEC1,CHY4YR,D309,MWF,09:00 AM,10:00 AM,15,"Siddiqui Md Mujahuddin[20501826],Bappaditya  Gole[20501351],
",3,1,No,Major Elective,,NOT OPEN AS UWE
Frontiers in Inorganic Chemist,CHY548,PRAC2,CHY4YR,B208,W,02:00 PM,05:00 PM,15,"Siddiqui Md Mujahuddin[20501826],
Bappaditya  Gole[20501351],
",3,3,No,Major Elective,,NOT OPEN AS UWE
Communicating the Environment,COM191,LEC1,UWE,D102,TTh,02:00 PM,03:30 PM,40,"Bahar  Dutt[20501308],
",3,1.5,YES,UWE,,Open as UWE
Communicating the Environment,COM191,TUT1,UWE,D102,T,12:00 PM,01:00 PM,40,"Bahar  Dutt[20501308],
",1,1,YES,UWE,,Open as UWE
Editing & Post Production,COM197,LEC1,UWE,D106,T,03:30 PM,05:30 PM,30,"Ashwin  Ramanathan[20500228],
",2,2,YES,UWE,,Open as UWE
Editing & Post Production,COM197,PRAC1,UWE,D106,Th,03:30 PM,05:30 PM,30,"Ashwin  Ramanathan[20500228],
",2,2,YES,UWE,,Open as UWE
Image and Sound Studio,COM199,LEC1,UWE,D110,T,03:30 PM,04:30 PM,30,"Hemant  Sreekumar[20501840],
",1,1,YES,UWE,,Open as UWE
Image and Sound Studio,COM199,TUT1,UWE,D110,T,04:30 PM,05:30 PM,30,"Hemant  Sreekumar[20501840],
",1,1,YES,UWE,,Open as UWE
Image and Sound Studio,COM199,PRAC1,UWE,D110,Th,03:30 PM,05:30 PM,30,"Hemant  Sreekumar[20501840],
",2,2,YES,UWE,,Open as UWE
Intro. to Computing and Prog.,CSD101,LEC1,CHD1YR CED1YR MED1YR,B108,TTh,05:00 PM,06:30 PM,120,"Snehasis  Mukherjee[20501281],
",3,1.5,YES,Major,,Open as UWE
Intro. to Computing and Prog.,CSD101,LEC2,MAT1YR ECO2YR ENF2YR,B315,TTh,05:00 PM,06:30 PM,130,"Snehasis  Mukherjee[20501281],
",3,1.5,YES,Major,,Open as UWE
Intro. to Computing and Prog.,CSD101,PRAC1,CHD1YR CED1YR,D317,T,02:00 PM,04:00 PM,50,"Snehasis  Mukherjee[20501281],
",2,2,YES,Major,,Open as UWE
Intro. to Computing and Prog.,CSD101,PRAC2,MED1YR,D317,W,01:00 PM,03:00 PM,70,"Snehasis  Mukherjee[20501281],
",2,2,YES,Major,,Open as UWE
Intro. to Computing and Prog.,CSD101,PRAC1,MAT1YR ECO2YR,C317,Th,03:00 PM,05:00 PM,70,"Snehasis  Mukherjee[20501281],
",2,2,YES,Major,,Open as UWE
Intro. to Computing and Prog.,CSD101,PRAC2,ENF2YR,C317,T,03:00 PM,05:00 PM,60,"Snehasis  Mukherjee[20501281],
",2,2,YES,Major,,Open as UWE
Data Structures,CSD102,LEC1,CSD11 CSD12 CSD13 CSD14 CSD15 CSD16,B315,TTh,10:30 AM,12:00 PM,230,"Pooja  Singh[20501291],
",3,1.5,YES,Major,,Open as UWE
Data Structures,CSD102,PRAC1,CSD11 CSD12,C317,W,01:00 PM,03:00 PM,80,"Pooja  Singh[20501291],
",2,2,YES,Major,,Open as UWE
Data Structures,CSD102,PRAC2,CSD13 CSD14,D317,F,01:00 PM,03:00 PM,75,"Pooja  Singh[20501291],
",2,2,YES,Major,,Open as UWE
Data Structures,CSD102,PRAC3,CSD15 CSD16,D317,M,01:00 PM,03:00 PM,75,"Pooja  Singh[20501291],
",2,2,YES,Major,,Open as UWE
Operating Systems,CSD204,LEC1,CSD21 CSD22 CSD23 CSD24,D217,TTh,09:00 AM,10:30 AM,150,"Sweta  Kumari[20501818],
",3,1.5,Yes,Major,,Open as UWE
Operating Systems,CSD204,PRAC1,CSD21 CSD22,C317,F,01:00 PM,03:00 PM,75,"Sweta  Kumari[20501818],
",2,2,YES,Major,,Open as UWE
Operating Systems,CSD204,PRAC2,CSD23 CSD24,C317,M,01:00 PM,03:00 PM,75,"Sweta  Kumari[20501818],
",2,2,YES,Major,,Open as UWE
Intro. to Prob. & Statistics,CSD210,LEC1,CSD21 CSD22 CSD23 CSD24,B315,TTh,02:00 PM,03:30 PM,150,"Nitin  Kumar[20501744],
",3,1.5,Yes,Major,,Open as UWE
Intro. to Prob. & Statistics,CSD210,TUT1,CSD21,D106,T,12:00 PM,01:00 PM,35,"Nitin  Kumar[20501744],
",1,1,YES,Major,,Open as UWE
Intro. to Prob. & Statistics,CSD210,TUT2,CSD22,D106,T,01:00 PM,02:00 PM,35,"Nitin  Kumar[20501744],
",1,1,YES,Major,,Open as UWE
Intro. to Prob. & Statistics,CSD210,TUT3,CSD23,D106,F,01:00 PM,02:00 PM,35,"Nitin  Kumar[20501744],
",1,1,YES,Major,,Open as UWE
Intro. to Prob. & Statistics,CSD210,TUT4,CSD24,D102,F,02:00 PM,03:00 PM,35,"Nitin  Kumar[20501744],
",1,1,YES,Major,,Open as UWE
Digital Image Processing,CSD212,LEC1,CSD21 CSD22 CSD23 CSD24,D217,TTh,05:00 PM,06:30 PM,150,"Saurabh Janardan Shigwan[20501375],
",3,1.5,Yes,Major,,Open as UWE
Digital Image Processing,CSD212,PRAC1,CSD21 CSD22,D317,W,03:00 PM,05:00 PM,75,"Saurabh Janardan Shigwan[20501375],
",2,2,Yes,Major,,Open as UWE
Digital Image Processing,CSD212,PRAC2,CSD23 CSD24,C317,M,03:00 PM,05:00 PM,75,"Saurabh Janardan Shigwan[20501375],
",2,2,Yes,Major,,Open as UWE
Intro. to Database Systems,CSD317,LEC1,CSD21 CSD22 CSD23 CSD24,D217,TTh,10:30 AM,12:00 PM,150,"Sonia  Khetarpaul[20500730],
",3,1.5,Yes,Major,,Open as UWE
Intro. to Database Systems,CSD317,PRAC1,CSD21 CSD22,D317,M,03:00 PM,05:00 PM,75,"Sonia  Khetarpaul[20500730],
",2,2,Yes,Major,,Open as UWE
Intro. to Database Systems,CSD317,PRAC2,CSD23 CSD24,C317,W,03:00 PM,05:00 PM,75,"Sonia  Khetarpaul[20500730],
",2,2,Yes,Major,,Open as UWE
Software Engineering,CSD326,LEC1,CSD31 CSD32 CSD33,B016,TTh,03:30 PM,05:00 PM,120,"Rajib  Mall[20501926],
",3,1.5,YES,Major,,Open as UWE
Software Engineering,CSD326,PRAC1,CSD31 CSD32,D317,F,03:00 PM,05:00 PM,60,"Suchi  Kumari[20501836],
",2,2,YES,Major,,Open as UWE
Software Engineering,CSD326,PRAC2,CSD33,D313,F,01:00 PM,03:00 PM,60,"Suchi  Kumari[20501836],",2,2,YES,Major,,Open as UWE
Theory of Computation,CSD334,LEC1,CSD31 CSD32 CSD33,B108,TTh,10:30 AM,12:00 PM,120,"Rajeev Kumar Singh[20500026],
",3,1.5,Yes,Major,,Open as UWE
Optimization Techniques,CSD336,LEC1,CSD31 CSD32 CSD33,B016,TTh,09:00 AM,10:30 AM,120,"Shankar Kumar Ghosh[20501951],
",3,1.5,No,Major,,NOT OPEN AS UWE
Optimization Techniques,CSD336,TUT1,CSD31 ,D110,F,01:00 PM,02:00 PM,36,"Shankar Kumar Ghosh[20501951],
",1,1,No,Major,,NOT OPEN AS UWE
Optimization Techniques,CSD336,TUT2,CSD32 ,D106,F,02:00 PM,03:00 PM,36,"TBA
",1,1,No,Major,,NOT OPEN AS UWE
Optimization Techniques,CSD336,TUT3,CSD33,D102,F,03:00 PM,04:00 PM,36,"TBA
",1,1,No,Major,,NOT OPEN AS UWE
Optimization Techniques,CSD336,TUT4,UWE,D202,W,05:00 PM,06:00 PM,36,"TBA
",1,1,No,Major,,NOT OPEN AS UWE
Computer Vision,CSD454,LEC1,CSD31 CSD32 CSD33,D306,MW,09:00 AM,10:00 AM,40,"Sumit  Shekhar[20501953],
",2,1,No,Major Elective,,NOT OPEN AS UWE
Computer Vision,CSD454,PRAC1,CSD31 CSD32 CSD33,D313,M,01:00 PM,03:00 PM,40,"Sumit  Shekhar[20501953],
",2,2,No,Major Elective,,NOT OPEN AS UWE
Virtualization & Cloud Comp...,CSD462,LEC1,CSD31 CSD32 CSD33,D106,MW,10:00 AM,11:00 AM,40,"Suchi  Kumari[20501836],
",2,1,No,Major Elective,,NOT OPEN AS UWE
Virtualization & Cloud Comp...,CSD462,PRAC1,CSD31 CSD32 CSD33,D313,M,03:00 PM,05:00 PM,40,"Suchi  Kumari[20501836],
",1,2,No,Major Elective,,NOT OPEN AS UWE
High Performance Computer Arch,CSD353,LEC1,CSD31 CSD32 CSD33,D310,MW,09:00 AM,10:00 AM,40,"Sheel Sindhu Manohar[20501603],
",2,1,No,Major Elective,,NOT OPEN AS UWE
High Performance Computer Arch,CSD353,PRAC1,CSD31 CSD32 CSD33,C317,T,12:00 PM,02:00 PM,40,"Sheel Sindhu Manohar[20501603],
",2,2,No,Major Elective,,NOT OPEN AS UWE
Foundation of Info. Security,CSD356,LEC1,CSD31 CSD32 CSD33,C309,TTh,02:00 PM,03:30 PM,40,"Sweta  Mishra[20501119],
",3,1.5,NO,Major Elective,,NOT OPEN AS UWE
Parallel and Concurrent Prog..,CSD359,LEC1,CSD31 CSD32 CSD33,D110,MW,10:00 AM,11:00 AM,40,"Archit  Somani[20501819],
",2,1,No,Major Elective,,NOT OPEN AS UWE
Parallel and Concurrent Prog..,CSD359,PRAC1,CSD31 CSD32 CSD33,C317,Th,12:00 PM,02:00 PM,40,"Archit  Somani[20501819],
",2,2,No,Major Elective,,NOT OPEN AS UWE
Social & Information Networks,CSD363,LEC1,CSD31 CSD32 CSD33,B311,F,09:00 AM,11:00 AM,40,"Dolly  Sharma[20500428],
",2,2,NO,Major Elective,,NOT OPEN AS UWE
Social & Information Networks,CSD363,PRAC1,CSD31 CSD32 CSD33,D313,W,03:00 PM,05:00 PM,40,"Dolly  Sharma[20500428],
",2,2,NO,Major Elective,,NOT OPEN AS UWE
"Human Behaviour, Psychology...",DES107,LEC1,DES1YR,B311,W,09:00 AM,11:00 AM,60,"Pradeep  Yammiyavar[20501722],
Subhajit  Chandra[20500916],
",2,1,NO,Major,,NOT OPEN AS UWE
"Human Behaviour, Psychology...",DES107,PRAC1,DES1YR,B003,M,09:00 AM,11:00 AM,60,"Subhajit  Chandra[20500916],
",2,2,NO,Major,,NOT OPEN AS UWE
Visual Communication - 1,DES108,LEC1,DES1YR,D306,W,01:00 PM,02:00 PM,60,"Snigdha  Banerjee[20501668],
",1,1,NO,Major,,NOT OPEN AS UWE
Visual Communication - 1,DES108,PRAC1,DES1YR,TBA,MW,02:00 PM,05:00 PM,60,"Snigdha  Banerjee[20501668],
",6,6,NO,Major,,NOT OPEN AS UWE
Human-Centred Design Methods,DES109,LEC1,DES1YR,D122,TTh,09:00 AM,10:00 AM,60,"Pradeep  Yammiyavar[20501722],
Vikash  Kumar[20500361],
",2,1,NO,Major,,NOT OPEN AS UWE
Human-Centred Design Methods,DES109,PRAC1,DES1YR,B003,TTh,10:00 AM,12:00 PM,60,"Vikash  Kumar[20500361],
",4,4,NO,Major,,NOT OPEN AS UWE
Design with Software,DES110,LEC1,DES1YR,D122,F,01:00 PM,02:00 PM,60,"Subhajit  Chandra[20500916],
",1,1,NO,Major,,NOT OPEN AS UWE
Design with Software,DES110,PRAC1,DES1YR,A106 A B,F,09:00 AM,11:00 AM,60,"Subhajit  Chandra[20500916],
",6,6,NO,Major,,NOT OPEN AS UWE
Design with Software,DES110,PRAC1,DES1YR,A106 A B,F,02:00 PM,06:00 PM,60,"Subhajit  Chandra[20500916],
",6,6,NO,Major,,NOT OPEN AS UWE
Introduction to Product Design,DES111,LEC1,UWE,A308,TTh,02:00 PM,03:00 PM,30,"Prakash  Kumar[20500290],
",2,1,YES,UWE,,Department Consent
Introduction to Product Design,DES111,PRAC1,UWE,,,,,30,"Prakash  Kumar[20500290],
",4,4,YES,UWE,,Department Consent
Intro. To Visual Communication,DES121,LEC1,UWE,D122,TTh,03:30 PM,04:30 PM,30,"Snigdha  Banerjee[20501668],
",2,1,YES,UWE,,Department Consent
Intro. To Visual Communication,DES121,PRAC1,UWE,B102,M,01:00 PM,05:00 PM,30,"Snigdha  Banerjee[20501668],
",4,4,YES,UWE,,Department Consent
Semiotics and Communication...,DES207,LEC1,DES2YR,D202,TTh,09:00 AM,10:00 AM,30,"Udaya Kumar Dharmalingam[20501857],
Subhajit  Chandra[20500916],
",2,1,No,Major,,NOT OPEN AS UWE
Semiotics and Communication...,DES207,PRAC1,DES2YR,A106 B,TTh,10:00 AM,12:00 PM,30,"Subhajit  Chandra[20500916],
",4,4,No,Major,,NOT OPEN AS UWE
Coding and AI ML applications for Designers,DES208,LEC1,DES2YR,B303,M,12:30 PM,01:30 PM,30,"Prakash  Kumar[20500290],
",,,No,Major,,NOT OPEN AS UWE
Coding and AI ML applications for Designers,DES208,LEC1,DES2YR,D110,F,02:00 PM,03:00 PM,30,"Prakash  Kumar[20500290],
",,,No,Major,,NOT OPEN AS UWE
Coding and AI ML applications for Designers,DES208,PRAC1,DES2YR,,M,09:00 AM,11:00 AM,,"Prakash  Kumar[20500290],
",,,No,Major,,NOT OPEN AS UWE
Coding and AI ML applications for Designers,DES208,PRAC1,DES2YR,,F,03:00 PM,05:00 PM,,"Prakash  Kumar[20500290],
",,,No,Major,,NOT OPEN AS UWE
Sustainable Design – Philosop.,DES209,LEC1,DES2YR,B309,MW,02:00 PM,03:00 PM,30,"Pradeep  Yammiyavar[20501722],
Vikash  Kumar[20500361],
",2,1,No,Major,,NOT OPEN AS UWE
Sustainable Design – Philosop.,DES209,PRAC1,DES2YR,B003,MW,03:00 PM,05:00 PM,30,"Vikash  Kumar[20500361],
",4,4,No,Major,,NOT OPEN AS UWE
Design Project 1,DES210,LEC1,DES2YR,B203,W,01:00 PM,02:00 PM,30,"Prakash  Kumar[20500290],
",1,1,No,Major,,NOT OPEN AS UWE
Design Project 1,DES210,PRAC1,DES2YR,TBA,TBA,TBA,TBA,30,"Prakash  Kumar[20500290],
",6,6,No,Major,,NOT OPEN AS UWE
Creativity & concept in Design,DES211,LEC1,CHD2YR CED2YR MED2YR CSD2YR ELC2YR,B315,F,12:00 PM,01:00 PM,300,"Vikash  Kumar[20500361],
",1,1,Yes,UWE,,Open as UWE
Creativity & concept in Design,DES211,PRAC1,CSD21 CSD22,TBA,,,,35,"Vikash  Kumar[20500361],
",4,4,Yes,UWE,,Open as UWE
Creativity & concept in Design,DES211,PRAC2,CSD23 CSD24,TBA,,,,35,"Vikash  Kumar[20500361],
",4,4,Yes,UWE,,Open as UWE
Creativity & concept in Design,DES211,PRAC3,,TBA,,,,35,"Vikash  Kumar[20500361],
",4,4,Yes,UWE,,Open as UWE
Creativity & concept in Design,DES211,PRAC4,,TBA,,,,35,"Vikash  Kumar[20500361],
",4,4,Yes,UWE,,Open as UWE
Creativity & concept in Design,DES211,PRAC5,,TBA,,,,35,"Vikash  Kumar[20500361],
",4,4,Yes,UWE,,Open as UWE
Creativity & concept in Design,DES211,PRAC6,,TBA,,,,25,"Vikash  Kumar[20500361],
",4,4,Yes,UWE,,Open as UWE
Dance and National Identity,DNC100,LEC1,UWE,D122,TTh,10:30 AM,12:30 PM,30,"Amrithasruthi  Radhakrishnan[20501673],
",4,2,YES,UWE,,Open as UWE
Writing Bodies,DNC101,LEC1,UWE,B011,MW,01:00 PM,03:00 PM,30,"Aadya  Kaktikar[20500164],
",4,2,YES,UWE,,Open as UWE
Dance Technique,DNC103,PRAC1,UWE,B015,TTh,03:30 PM,05:30 PM,30,"Amrithasruthi  Radhakrishnan[20501673],
",4,2,YES,UWE,,Open as UWE
Quant...Tech... in Business-II,DOM105,LEC1,BMS11,D006,TTh,10:30 AM,12:00 PM,60,"Surya Sarathi Majumdar[20500307],
",3,1.5,NO,Major,,NOT OPEN AS UWE
Quant...Tech... in Business-II,DOM105,LEC2,BMS12,D007,TTh,02:00 PM,03:30 PM,60,"Surya Sarathi Majumdar[20500307],
",3,1.5,NO,Major,,NOT OPEN AS UWE
Quant...Tech... in Business-II,DOM105,LEC3,BMS13,D003,TTh,03:30 PM,05:00 PM,60,"Satyam  Mukherjee[20501431],
",3,1.5,NO,Major,,NOT OPEN AS UWE
Basics of Elec.& Elec.Circuits,ECE101,LEC1,CSD11 CSD12 CSD13 CSD14 CSD15,B315,MWF,09:00 AM,10:00 AM,150,Dinkar Prasad[20500201],3,1.5,Yes,Major,,Open as UWE
Basics of Elec.& Elec.Circuits,ECE101,LEC2,MED11 MED12 CSD16,B016,MWF,09:00 AM,10:00 AM,150,Madhur Deo Upadhayay,3,1.5,Yes,Major,,Open as UWE
Basics of Elec.& Elec.Circuits,ECE101,PRAC1,CSD11,C201,M,01:00 PM,03:00 PM,35,Upendra Pandey[20501071],2,2,Yes,Major,,Open as UWE
Basics of Elec.& Elec.Circuits,ECE101,PRAC2,CSD12,C201,M,03:00 PM,05:00 PM,35,Upendra Pandey[20501071],2,2,Yes,Major,,Open as UWE
Basics of Elec.& Elec.Circuits,ECE101,PRAC3,CSD13,C201,W,01:00 PM,03:00 PM,35,Upendra Pandey[20501071],2,2,Yes,Major,,Open as UWE
Basics of Elec.& Elec.Circuits,ECE101,PRAC4,CSD14,C201,W,03:00 PM,05:00 PM,35,Dinkar Prasad[20500201],2,2,Yes,Major,,Open as UWE
Basics of Elec.& Elec.Circuits,ECE101,PRAC5,CSD15 ,C201,F,01:00 PM,03:00 PM,35,Dinkar Prasad[20500201],2,2,Yes,Major,,Open as UWE
Basics of Elec.& Elec.Circuits,ECE101,PRAC6,CSD16,C201,F,03:00 PM,05:00 PM,35,Sandeep Kumar Soni[20501733],2,2,Yes,Major,,Open as UWE
Basics of Elec.& Elec.Circuits,ECE101,PRAC7,MED11,C201,T,01:30 PM,03:30 PM,35,"Govind Sharma
",2,2,Yes,Major,,Open as UWE
Basics of Elec.& Elec.Circuits,ECE101,PRAC8,MED12,C201,Th,01:30 PM,03:30 PM,35,"Govind Sharma
",2,2,Yes,Major,,Open as UWE
Basics of Elec.& Elec.Circuits,ECE101,TUT1,CSD11,D106,F,03:00 PM,04:00 PM,35,Dinkar Prasad[20500201],1,1,Yes,Major,,Open as UWE
Basics of Elec.& Elec.Circuits,ECE101,TUT2,CSD12,D222,M,03:00 PM,04:00 PM,35,Dinkar Prasad[20500201],1,1,Yes,Major,,Open as UWE
Basics of Elec.& Elec.Circuits,ECE101,TUT3,CSD13,B011,W,03:00 PM,04:00 PM,35,Jitendra Prajapati[20501015,1,1,Yes,Major,,Open as UWE
Basics of Elec.& Elec.Circuits,ECE101,TUT4,CSD14,D110,F,03:00 PM,04:00 PM,35,Jitendra Prajapati[20501015,1,1,Yes,Major,,Open as UWE
Basics of Elec.& Elec.Circuits,ECE101,TUT5,CSD15 ,D226,M,03:00 PM,04:00 PM,36,Rohit Singh[20501073],1,1,Yes,Major,,Open as UWE
Basics of Elec.& Elec.Circuits,ECE101,TUT6,CSD16,B219,W,03:00 PM,04:00 PM,36,Rohit Singh[20501073],1,1,Yes,Major,,Open as UWE
Basics of Elec.& Elec.Circuits,ECE101,TUT7,MED11,B219,M,01:00 PM,02:00 PM,35,Kamal Agrawal[20501817],1,1,Yes,Major,,Open as UWE
Basics of Elec.& Elec.Circuits,ECE101,TUT8,MED12,A316,M,02:00 PM,03:00 PM,35,Kamal Agrawal[20501817],1,1,Yes,Major,,Open as UWE
Semiconductor Devices,ECE102,LEC1,ELC11 ELC12 ELC13 ELC14,D217,MWF,09:00 AM,10:00 AM,136,Debarun Sengupta[20501958],3,1,No,Major,,NOT OPEN AS UWE
Semiconductor Devices,ECE102,LEC2,ELC15 ELC16 ELC17,B108,MWF,09:00 AM,10:00 AM,125,"Upendra  Pandey[20501071],
",3,1,No,Major,,NOT OPEN AS UWE
Digital Electronics,ECE103,LEC1,ELC11 ELC12 ELC13 ELC14,B016,TTh,10:30 AM,12:00 PM,136,"Sonal  Singhal[20500080],
",3,1.5,Yes,Major,,Open as UWE
Digital Electronics,ECE103,LEC2,ELC15 ELC16 ELC17,B016,TTh,02:00 PM,03:30 PM,120,"Rakesh  Palisetty[20501829],
",3,1.5,Yes,Major,,Open as UWE
Digital Electronics,ECE103,PRAC1,ELC11,C205,T,01:00 PM,03:00 PM,31,"Sonal  Singhal[20500080],
",2,2,Yes,Major,,Open as UWE
Digital Electronics,ECE103,PRAC2,ELC12,C205,T,03:00 PM,05:00 PM,31,"Amitabh  Chatterjee[20501205],
",2,2,Yes,Major,,Open as UWE
Digital Electronics,ECE103,PRAC3,ELC13,C205,Th,01:00 PM,03:00 PM,31,"Amitabh  Chatterjee[20501205],
",2,2,Yes,Major,,Open as UWE
Digital Electronics,ECE103,PRAC4,ELC14,C205,Th,03:00 PM,05:00 PM,31,"Amitabh  Chatterjee[20501205],
",2,2,Yes,Major,,Open as UWE
Digital Electronics,ECE103,PRAC5,ELC15,C205,F,01:00 PM,03:00 PM,31,"Venkatnarayan  Hariharan[20501411],
",2,2,Yes,Major,,Open as UWE
Digital Electronics,ECE103,PRAC6,ELC16,C205,F,03:00 PM,05:00 PM,31,"Venkatnarayan  Hariharan[20501411],
",2,2,Yes,Major,,Open as UWE
Digital Electronics,ECE103,PRAC7,ELC17,C205,M,01:00 PM,03:00 PM,32,"Aakash Kishore Sinha[20500738],
",2,2,Yes,Major,,Open as UWE
Digital Electronics,ECE103,TUT1,ELC11 ELC12,D003,F,01:00 PM,02:00 PM,62,"Govind  Sharma[20501765],
",1,1,Yes,Major,,Open as UWE
Digital Electronics,ECE103,TUT2,ELC13 ELC14,D003,F,02:00 PM,03:00 PM,62,"Sonal  Singhal[20500080],
",1,1,Yes,Major,,Open as UWE
Digital Electronics,ECE103,TUT3,ELC15 ELC16,B016,M,01:00 PM,02:00 PM,63,"Venkatnarayan  Hariharan[20501411],
",1,1,Yes,Major,,Open as UWE
Digital Electronics,ECE103,TUT4,ELC17,B016,F,04:00 PM,05:00 PM,63,"Aakash Kishore Sinha[20500738],
",1,1,Yes,Major,,Open as UWE
Analog Circuits,ECE204,LEC1,ELC21 ELC22 ELC23,B012,TTh,02:00 PM,03:30 PM,100,"Atul Vir Singh[20500082],
",3,1.5,YES,Major,,Open as UWE
Analog Circuits,ECE204,PRAC1,ELC21,C205,M,03:00 PM,05:00 PM,25,"Atul Vir Singh[20500082],
",2,2,YES,Major,,Open as UWE
Analog Circuits,ECE204,PRAC2,ELC22,C205,W,03:00 PM,05:00 PM,25,"Atul Vir Singh[20500082],
",2,2,YES,Major,,Open as UWE
Analog Circuits,ECE204,PRAC3,ELC23,C205,W,01:00 PM,03:00 PM,25,Kamal Agrawal[20501817],2,2,YES,Major,,Open as UWE
Electromagnetic Engineering,ECE205,LEC1,ELC21 ELC22 ELC23,B012,TTh,10:30 AM,12:00 PM,100,"Amit  Bakshi[20500252],
",3,1.5,YES,Major,,Open as UWE
Electromagnetic Engineering,ECE205,TUT1,ELC21 ELC22,D306,M,01:00 PM,02:00 PM,50,"Amit  Bakshi[20500252],
",1,1,YES,Major,,Open as UWE
Electromagnetic Engineering,ECE205,TUT2,ELC23,A312,M,02:00 PM,03:00 PM,50,"Amit  Bakshi[20500252],
",1,1,YES,Major,,Open as UWE
Power Electronics and Machine,ECE206,LEC1,ELC21 ELC22 ELC23,B016,MWF,08:00 AM,09:00 AM,100,"Subhendu Bikash Santra[20501833],
",3,1,YES,Major,,Open as UWE
Power Electronics and Machine,ECE206,PRAC1,ELC21,C106,W,03:00 PM,05:00 PM,25,"Subhendu Bikash Santra[20501833],
",2,2,YES,Major,,Open as UWE
Power Electronics and Machine,ECE206,PRAC2,ELC22,C106,F,03:00 PM,05:00 PM,25,"Subhendu Bikash Santra[20501833],
",2,2,YES,Major,,Open as UWE
Power Electronics and Machine,ECE206,PRAC3,ELC23,C106,M,03:00 PM,05:00 PM,25,"Subhendu Bikash Santra[20501833],
",2,2,YES,Major,,Open as UWE
Principles of Communication...,ECE207,LEC1,ELC21 ELC22 ELC23,D217,MWF,05:30 PM,06:30 PM,100,"Kamal  Singh[20501547],
",3,1.5,YES,Major,,Open as UWE
Principles of Communication...,ECE207,PRAC1,ELC21,C217,F,03:00 PM,05:00 PM,25,"Kamal  Singh[20501547],
",2,2,YES,Major,,Open as UWE
Principles of Communication...,ECE207,PRAC2,ELC22,C217,M,03:00 PM,05:00 PM,25,"Kamal  Singh[20501547],
",2,2,YES,Major,,Open as UWE
Principles of Communication...,ECE207,PRAC3,ELC23,C217,W,03:00 PM,05:00 PM,25,"Kamal  Singh[20501547],
",2,2,YES,Major,,Open as UWE
Artificial Intelligence and...,ECE304,LEC1,ELC3YR,B016,TTh,05:00 PM,06:30 PM,110,"Aakash Kishore Sinha[20500738],
Vinod  Sharma[20501615],
",3,1.5,Yes,Major,,Open as UWE
Introduction to Robotics,ECE357,LEC1,ELC3YR,D202,TTh,10:30 AM,12:00 PM,35,"Aakash Kishore Sinha[20500738],
",3,1.5,No,Major Elective,,NOT OPEN AS UWE
Introduction to Robotics,ECE357,PRAC1,ELC3YR,C105,W,01:00 PM,03:00 PM,35,"Aakash Kishore Sinha[20500738],
Sandeep Kumar Soni[20501733],
",2,2,No,Major Elective,,NOT OPEN AS UWE
Internet of Things -Architec..,ECE360,LEC1,ELC3YR,B016,TTh,08:00 AM,09:00 AM,90,"Rohit  Singh[20501073],
",2,1,No,Major Elective,,NOT OPEN AS UWE
Internet of Things -Architec..,ECE360,PRAC1,ELC31,C105,M,01:00 PM,03:00 PM,30,"Rohit  Singh[20501073],
",2,2,No,Major Elective,,NOT OPEN AS UWE
Internet of Things -Architec..,ECE360,PRAC2,ELC32,C105,F,03:00 PM,05:00 PM,30,"Rohit  Singh[20501073],
",2,2,No,Major Elective,,NOT OPEN AS UWE
Internet of Things -Architec..,ECE360,PRAC3,ELC33,C105,F,01:00 PM,03:00 PM,30,"Jitendra Prajapati
",2,2,No,Major Elective,,NOT OPEN AS UWE
Power System Analysis,ECE361,LEC1,ELC3YR,D222,TTh,10:30 AM,12:00 PM,50,"Himanshu Sekhar Sahu[20501348],
",3,1,No,Major Elective,,NOT OPEN AS UWE
Power System Analysis,ECE361,PRAC1,ELC3YR,D215,W,01:00 PM,03:00 PM,25,"Himanshu Sekhar Sahu[20501348],
",2,2,No,Major Elective,,NOT OPEN AS UWE
Power System Analysis,ECE361,PRAC2,ELC3YR,D215,W,03:00 PM,05:00 PM,25,"Himanshu Sekhar Sahu[20501348],
",2,2,No,Major Elective,,NOT OPEN AS UWE
Digital Communication,ECE362,LEC1,ELC3YR,D206,MWF,10:00 AM,11:00 AM,30,"Vijaykumar  Chakka[20500251],
",3,1,No,Major Elective,,NOT OPEN AS UWE
Digital Communication,ECE362,PRAC1,ELC3YR,D215,M,03:00 PM,05:00 PM,30,"Kamal  Agrawal[20501817],
",2,2,No,Major Elective,,NOT OPEN AS UWE
Object Oriented Programming,ECE365,LEC1,ELC3YR,B012,MWF,05:00 PM,06:00 PM,90,"Venkatnarayan  Hariharan[20501411],
",3,1,No,Major Elective,,NOT OPEN AS UWE
Antenna Theory and Wave Prop..,ECE366,LEC1,ELC3YR,D210,MWF,10:00 AM,11:00 AM,40,"Jitendra  Prajapati[20501015],
",3,1.5,No,Major Elective,,NOT OPEN AS UWE
Antenna Theory and Wave Prop..,ECE366,PRAC1,ELC3YR,C209,M,01:00 PM,03:00 PM,40,"Jitendra  Prajapati[20501015],
",2,2,No,Major Elective,,NOT OPEN AS UWE
Digital Design with FPGAs,ECE367,LEC1,ELC3YR,D022,MWF,09:00 AM,10:00 AM,60,"Rakesh  Palisetty[20501829],
",3,1,No,Major Elective,,NOT OPEN AS UWE
Digital Design with FPGAs,ECE367,PRAC1,ELC3YR,C303,F,01:00 PM,03:00 PM,30,"Kamal  Singh[20501547],
Rakesh  Palisetty[20501829],
",2,2,No,Major Elective,,NOT OPEN AS UWE
Digital Design with FPGAs,ECE367,PRAC2,ELC3YR,C303,F,03:00 PM,05:00 PM,30,"Rakesh  Palisetty[20501829],
",2,2,No,Major Elective,,NOT OPEN AS UWE
Detection and Estimation,ECE371,LEC1,ELC3YR,B311,TTh,02:00 PM,03:30 PM,50,"Rakesh Kumar Bansal[20501766],
Govind  Sharma[20501765],
",3,1.5,No,Major Elective,,NOT OPEN AS UWE
Modern Control Systems,ECE372,LEC1,ELC3YR,D222,MWF,10:00 AM,11:00 AM,60,"Sandeep Kumar Soni[20501733],
",3,1,No,Major Elective,,NOT OPEN AS UWE
Modern Control Systems,ECE372,TUT1,ELC3YR,D310,M,01:00 PM,02:00 PM,60,"Sandeep Kumar Soni[20501733],
",1,1,No,Major Elective,,NOT OPEN AS UWE
Wireless Network Security,ECE373,LEC1,ELC3YR,D022,TTh,03:30 PM,05:00 PM,60,"Vijaykumar  Chakka[20500251],
Kamal  Agrawal[20501817],
",3,1.5,No,Major Elective,,NOT OPEN AS UWE
Quantum Computing,ECE375,LEC1,ELC3YR EEE4YR ECE4YR,D022,MW,01:00 PM,02:30 PM,60,"Vinod  Sharma[20501615],
",3,1.5,Yes,Major Elective,,Open as UWE
Quantum Computing,ECE375,TUT1,ELC3YR EEE4YR ECE4YR,D110,T,12:00 PM,01:00 PM,60,"Vinod  Sharma[20501615],
",1,1,Yes,Major Elective,,Open as UWE
Advanced Information Theory,ECE376,LEC1,ELC3YR ECE4YR,A222,MWF,05:00 PM,06:00 PM,30,"Rakesh Kumar Bansal
",3,1,Yes,Major Elective,,Open as UWE
Probability and Random Processes,ECE377,LEC1,ELC3YR ECE4YR,A222,MWF,10:00 AM,11:00 AM,30,"Rakesh Kumar Bansal, Govind Sharma
",3,1,Yes,Major Elective,,Open as UWE
Principles of Microeconomics,ECO101,LEC1,UWE,B108,TTh,03:30 PM,05:00 PM,120,"Parul Gupta
",3,1.5,YES,UWE,,Open as UWE
Principles of Microeconomics,ECO101,TUT1,UWE,B303,M,05:00 PM,06:00 PM,30,"Siddharth  Kumar[20501184],
",1,1,YES,UWE,,Open as UWE
Principles of Microeconomics,ECO101,TUT2,UWE,D122,T,05:00 PM,06:00 PM,30,"Siddharth  Kumar[20501184],
",1,1,YES,UWE,,Open as UWE
Principles of Microeconomics,ECO101,TUT3,UWE,D206,W,05:00 PM,06:00 PM,30,"Siddharth  Kumar[20501184],
",1,1,YES,UWE,,Open as UWE
Principles of Microeconomics,ECO101,TUT4,UWE,D106,Th,05:00 PM,06:00 PM,30,"Siddharth  Kumar[20501184],
",1,1,YES,UWE,,Open as UWE
Principles of Macroeconomics,ECO102,LEC1,ECO11 ECO12,B108,TTh,02:00 PM,03:30 PM,90,"Mausumi  Das[20501915],
",3,1.5,YES,Major,,Open as UWE
Principles of Macroeconomics,ECO102,LEC2,ENF11 ENF12 ENF13,B012,TTh,03:30 PM,05:00 PM,90,"Suchismita  Tarafdar[20500106],
",3,1.5,YES,Major,,Open as UWE
Principles of Macroeconomics,ECO102,LEC3,UWE,B315,TTh,03:30 PM,05:00 PM,180,"Mausumi  Das[20501915],
",3,1.5,YES,Major,,Open as UWE
Principles of Macroeconomics,ECO102,TUT1,ECO11,D222,T,05:00 PM,06:00 PM,27,"Siddharth  Kumar[20501184],
",1,1,NO,Major,,NOT OPEN AS UWE
Principles of Macroeconomics,ECO102,TUT2,ECO12,D122,F,05:00 PM,06:00 PM,28,"Siddharth  Kumar[20501184],
",1,1,NO,Major,,NOT OPEN AS UWE
Principles of Macroeconomics,ECO102,TUT3,ENF11,D106,F,06:00 PM,07:00 PM,29,"Siddharth  Kumar[20501184],
",1,1,NO,Major,,NOT OPEN AS UWE
Principles of Macroeconomics,ECO102,TUT4,ENF12,D102,M,06:00 PM,07:00 PM,26,"Siddharth  Kumar[20501184],
",1,1,NO,Major,,NOT OPEN AS UWE
Principles of Macroeconomics,ECO102,TUT5,ENF13,D102,W,06:00 PM,07:00 PM,26,"Siddharth  Kumar[20501184],
",1,1,NO,Major,,NOT OPEN AS UWE
Principles of Macroeconomics,ECO102,TUT6,UWE,D202,F,05:00 PM,06:00 PM,36,"Siddharth  Kumar[20501184],
",1,1,YES,Major,,Open as UWE
Principles of Macroeconomics,ECO102,TUT7,UWE,B305,M,05:00 PM,06:00 PM,36,"Siddharth  Kumar[20501184],
",1,1,YES,Major,,Open as UWE
Principles of Macroeconomics,ECO102,TUT8,UWE,D226,T,05:00 PM,06:00 PM,36,"Siddharth  Kumar[20501184],
",1,1,YES,Major,,Open as UWE
Principles of Macroeconomics,ECO102,TUT9,UWE,D210,W,05:00 PM,06:00 PM,36,"Siddharth  Kumar[20501184],
",1,1,YES,Major,,Open as UWE
Principles of Macroeconomics,ECO102,TUT10,UWE,D110,Th,05:00 PM,06:00 PM,36,"Siddharth  Kumar[20501184],
",1,1,YES,Major,,Open as UWE
Introductory Econometrics,ECO203,LEC1,ECO21 ENF21,D102,MW,01:00 PM,02:30 PM,60,"Shampa  Bhattacharjee[20500436],
",3,1.5,NO,Major,,NOT OPEN AS UWE
Introductory Econometrics,ECO203,LEC2,ECO22 ENF22,D022,MW,03:30 PM,05:00 PM,60,"Shampa  Bhattacharjee[20500436],
",3,1.5,NO,Major,,NOT OPEN AS UWE
Introductory Econometrics,ECO203,TUT1,ECO21,B309,M,05:00 PM,06:00 PM,30,"Siddharth  Kumar[20501184],
",1,1,NO,Major,,NOT OPEN AS UWE
Introductory Econometrics,ECO203,TUT2,ECO22,D206,F,05:00 PM,06:00 PM,30,"Siddharth  Kumar[20501184],
",1,1,NO,Major,,NOT OPEN AS UWE
Introductory Econometrics,ECO203,TUT3,ENF21,D210,F,05:00 PM,06:00 PM,30,"Siddharth  Kumar[20501184],
",1,1,NO,Major,,NOT OPEN AS UWE
Introductory Econometrics,ECO203,TUT4,ENF22,D110,F,06:00 PM,07:00 PM,30,"Siddharth  Kumar[20501184],
",1,1,NO,Major,,NOT OPEN AS UWE
Basic Data Anal.& Econometrics,ECO213,LEC1,UWE,D026,MW,03:30 PM,05:00 PM,30,"Gitanjali  Sen[20501106],
",3,1.5,YES,UWE,,Open as UWE
Basic Data Anal.& Econometrics,ECO213,TUT1,UWE,B311,M,05:00 PM,06:00 PM,30,"Siddharth  Kumar[20501184],
",1,1,YES,UWE,,Open as UWE
Intermediate Microeconomics,ECO301,LEC1,ECO11 ECO12 ENF11 ENF12 ENF13,B108,TTh,09:00 AM,10:30 AM,140,"Parul  Gupta[20501936],
",3,1.5,Yes,Major,,Open as UWE
Intermediate Microeconomics,ECO301,LEC2,UWE,D217,TTh,02:00 PM,03:30 PM,100,"Abhimanyu  Khan[20500783],
",3,1.5,YES,Major,,Open as UWE
Intermediate Microeconomics,ECO301,TUT1,ECO11,D302,T,05:00 PM,06:00 PM,27,"Siddharth  Kumar[20501184],
",1,1,YES,Major,,Open as UWE
Intermediate Microeconomics,ECO301,TUT2,ECO12,D122,Th,05:00 PM,06:00 PM,28,"Siddharth  Kumar[20501184],
",1,1,YES,Major,,Open as UWE
Intermediate Microeconomics,ECO301,TUT3,ENF11,D106,W,06:00 PM,07:00 PM,29,"Siddharth  Kumar[20501184],
",1,1,YES,Major,,Open as UWE
Intermediate Microeconomics,ECO301,TUT4,ENF12,D122,F,06:00 PM,07:00 PM,26,"Siddharth  Kumar[20501184],
",1,1,YES,Major,,Open as UWE
Intermediate Microeconomics,ECO301,TUT5,ENF13,D106,M,06:00 PM,07:00 PM,26,"Siddharth  Kumar[20501184],
",1,1,YES,Major,,Open as UWE
Intermediate Microeconomics,ECO301,TUT6,UWE,D306,T,05:00 PM,06:00 PM,33,"Siddharth  Kumar[20501184],
",1,1,YES,Major,,Open as UWE
Intermediate Microeconomics,ECO301,TUT7,UWE,D222,Th,05:00 PM,06:00 PM,33,"Siddharth  Kumar[20501184],
",1,1,YES,Major,,Open as UWE
Intermediate Microeconomics,ECO301,TUT8,UWE,D222,F,05:00 PM,06:00 PM,34,"Siddharth  Kumar[20501184],
",1,1,YES,Major,,Open as UWE
Multinational Corporations,ECO328,LEC1,ECO3YR ENF3YR,D026,TTh,03:30 PM,05:00 PM,60,"Manoj  Pant[20501837],
",3,1.5,Yes,Major Elective,,Open as UWE
Multinational Corporations,ECO328,TUT1,ECO3YR,D202,M,05:00 PM,06:00 PM,30,"Siddharth  Kumar[20501184],
",1,1,Yes,Major Elective,,Open as UWE
Multinational Corporations,ECO328,TUT2,ENF3YR,D106,Th,06:00 PM,07:00 PM,30,"Siddharth  Kumar[20501184],
",1,1,Yes,Major Elective,,Open as UWE
Intro. Environmental Economics,ECO335,LEC1,ECO3YR ENF3YR,D106,MW,01:00 PM,02:30 PM,60,"Ram  Ranjan[20501201],
",3,1.5,YES,Major Elective,,Open as UWE
Intro. Environmental Economics,ECO335,TUT1,ECO3YR,D222,W,05:00 PM,06:00 PM,30,"Siddharth  Kumar[20501184],
",1,1,YES,Major Elective,,Open as UWE
Intro. Environmental Economics,ECO335,TUT2,ENF3YR,D110,M,06:00 PM,07:00 PM,30,"Siddharth  Kumar[20501184],
",1,1,YES,Major Elective,,Open as UWE
Public Economics,ECO354,LEC1,ECO3YR ENF3YR,D022,TTh,05:00 PM,06:30 PM,60,"Shraman  Banerjee[20501180],
",3,1.5,YES,Major Elective,,Open as UWE
Public Economics,ECO354,TUT1,ECO3YR,D226,F,05:00 PM,06:00 PM,30,"Siddharth  Kumar[20501184],
",1,1,YES,Major Elective,,Open as UWE
Public Economics,ECO354,TUT2,ENF3YR,D226,W,05:00 PM,06:00 PM,30,"Siddharth  Kumar[20501184],
",1,1,YES,Major Elective,,Open as UWE
International Finance,ECO367,LEC1,ECO3YR ENF3YR,D226,TTh,10:30 AM,12:00 PM,60,"Amrita Ghosh Dastidar[20501776],
",3,1.5,YES,Major Elective,,Open as UWE
International Finance,ECO367,TUT1,ECO3YR,D202,M,06:00 PM,07:00 PM,30,"Siddharth  Kumar[20501184],
",1,1,YES,Major Elective,,Open as UWE
International Finance,ECO367,TUT2,ENF3YR,D110,W,06:00 PM,07:00 PM,30,"Siddharth  Kumar[20501184],
",1,1,YES,Major Elective,,Open as UWE
Behavioural Economics,ECO374,LEC1,ECO3YR ENF3YR,D106,TTh,02:00 PM,03:30 PM,60,"Punarjit  Roychowdhury[20501489],
",3,1.5,YES,Major Elective,,Open as UWE
Behavioural Economics,ECO374,TUT1,ECO3YR,D202,W,06:00 PM,07:00 PM,30,"Siddharth  Kumar[20501184],
",1,1,YES,Major Elective,,Open as UWE
Behavioural Economics,ECO374,TUT2,ENF3YR,D302,F,05:00 PM,06:00 PM,30,"Siddharth  Kumar[20501184],
",1,1,YES,Major Elective,,Open as UWE
Advanced Microeconomics,ECO401,LEC1,ECO3YR ENF3YR,D206,TTh,09:00 AM,10:30 AM,60,"Abhimanyu  Khan[20500783],
",3,1.5,NO,Major Elective,,NOT OPEN AS UWE
Advanced Microeconomics,ECO401,TUT1,ECO3YR,D310,T,05:00 PM,06:00 PM,30,"Siddharth  Kumar[20501184],
",1,1,NO,Major Elective,,NOT OPEN AS UWE
Advanced Microeconomics,ECO401,TUT2,ENF3YR,D226,Th,05:00 PM,06:00 PM,30,"Siddharth  Kumar[20501184],
",1,1,NO,Major Elective,,NOT OPEN AS UWE
Economics of Social Identity..,ECO436,LEC1,ECO3YR ENF3YR,D022,MW,05:00 PM,06:30 PM,60,"Ashokankur  Datta[20500130],
",3,1.5,No,Major Elective,,NOT OPEN AS UWE
Economics of Social Identity..,ECO436,TUT1,ECO3YR,D302,T,06:00 PM,07:00 PM,30,"Siddharth  Kumar[20501184],
",1,1,No,Major Elective,,NOT OPEN AS UWE
Economics of Social Identity..,ECO436,TUT2,ENF3YR,D306,T,06:00 PM,07:00 PM,30,"Siddharth  Kumar[20501184],
",1,1,No,Major Elective,,NOT OPEN AS UWE
International Economics,ECO461,LEC1,ECO2YR ENF3YR,D003,TTh,10:30 AM,12:00 PM,90,"Trishita Ray Barman[20500579],
",3,1.5,YES,Major Elective,,Open as UWE
International Economics,ECO461,TUT1,ECO2YR,D302,W,05:00 PM,06:00 PM,30,"Siddharth  Kumar[20501184],
",1,1,YES,Major Elective,,Open as UWE
International Economics,ECO461,TUT2,ENF3YR,D202,F,06:00 PM,07:00 PM,30,"Siddharth  Kumar[20501184],
",1,1,YES,Major Elective,,Open as UWE
International Economics,ECO461,TUT3,UWE,D206,M,05:00 PM,06:00 PM,30,"Siddharth  Kumar[20501184],
",1,1,YES,Major Elective,,Open as UWE
Labour mkt. & the Macroeconoy,ECO482,LEC1,ECO3YR ENF3YR,D122,MW,03:30 PM,05:00 PM,60,"Kurt James Horner[20501101],
",3,1.5,NO,Major Elective,,NOT OPEN AS UWE
Labour mkt. & the Macroeconoy,ECO482,TUT1,ECO3YR,D302,Th,05:00 PM,06:00 PM,30,"Siddharth  Kumar[20501184],
",1,1,NO,Major Elective,,NOT OPEN AS UWE
Labour mkt. & the Macroeconoy,ECO482,TUT2,ENF3YR,D210,M,05:00 PM,06:00 PM,30,"Siddharth  Kumar[20501184],
",1,1,NO,Major Elective,,NOT OPEN AS UWE
UG Research Thesis I,ECO494,PRAC1,ECO4YR,,,,,5,"Shampa  Bhattacharjee[20500436],
",4,2,NO,Major,,NOT OPEN AS UWE
UG Research Thesis II,ECO495,PRAC1,ECO4YR,,,,,60,"Shampa  Bhattacharjee[20500436],
",8,2,NO,Major,,NOT OPEN AS UWE
High Voltage Engineering,EED356,LEC1,EEE4YR,D110,TTh,02:00 PM,03:30 PM,50,"Amit  Bakshi[20500252],
",3,1.5,No,Major Elective,,NOT OPEN AS UWE
MEMS Technology and Devices,EED369,LEC1,ECE4YR EED4YR,D202,TTh,05:00 PM,06:30 PM,50,"Debarun  Sengupta[20501958],
Atul Vir Singh[20500082],
",3,1.5,No,Major Elective,,NOT OPEN AS UWE
Power System Ops. and Control,EED372,LEC1,EEE4YR,D202,TTh,03:30 PM,05:00 PM,50,"Himanshu Sekhar Sahu[20501348],
",3,1.5,No,Major Elective,,NOT OPEN AS UWE
Radar Engineering,EED374,LEC1,ECE4YR,D122,TTh,02:00 PM,03:30 PM,50,"Madhur Deo Upadhayay[20500212],
",3,1.5,No,Major Elective,,NOT OPEN AS UWE
Intro. to VLSI & WBG Devices..,EED378,LEC1,ECE4YR EEE4YR,D226,MWF,10:00 AM,11:00 AM,50,"Amitabh  Chatterjee[20501205],
",3,1,No,Major Elective,,NOT OPEN AS UWE
Major Project 2,EED498,PRAC1,ECE4YR EEE4YR,,,,,160,"Jitendra  Prajapati[20501015],
",12,1,No,Major,,NOT OPEN AS UWE
UG Research Thesis II,ENF495,LEC1,ENF4YR,,,,,60,"Shampa  Bhattacharjee[20500436],
",8,2,No,Major Elective,,NOT OPEN AS UWE
Academic Writing,ENG104,LEC1,UWE,D122,MW,09:30 AM,11:00 AM,40,Anirban Ghosh,3,1.5,YES,,,Open for everyone except SHSS students
Academic Writing,ENG104,LEC2,UWE,D222,TTh,03:30 PM,05:00 PM,40,Meghna,3,1.5,YES,,,Open for everyone except SHSS students
Academic Writing,ENG104,LEC3,UWE,D210,TTh,02:00 PM,03:30 PM,40,Meghna,3,1.5,YES,,,Open for everyone except SHSS students
Academic Writing,ENG104,LEC4,UWE,B311,MW,02:00 PM,03:30 PM,40,"Samiksha Bajpai
",3,1.5,YES,,,Open for everyone except SHSS students
Academic Writing,ENG104,TUT1,UWE,D122,F,03:00 PM,04:00 PM,40,TA,1,1,YES,,,Open for everyone except SHSS students
Academic Writing,ENG104,TUT2,UWE,D122,F,02:00 PM,03:00 PM,40,TA,1,1,YES,,,Open for everyone except SHSS students
Academic Writing,ENG104,TUT3,UWE,D102,F,04:00 PM,05:00 PM,40,TA,1,1,YES,,,Open for everyone except SHSS students
Academic Writing,ENG104,TUT4,UWE,D202,F,01:00 PM,02:00 PM,40,TA,1,1,YES,,,Open for everyone except SHSS students
Fantasy and Science Fiction,ENG142,LEC1,ENG1YR,D110,MW,01:00 PM,02:30 PM,35,"Sreejata  Paul[20501595],
",3,1.5,YES,Major Elective,,Open as UWE
Fantasy and Science Fiction,ENG142,TUT1,ENG1YR,D206,F,01:00 PM,02:00 PM,35,"Sreejata  Paul[20501595],
",1,1,YES,Major Elective,,Open as UWE
Drama: Tropes and Adaptations,ENG143,LEC1,ENG1YR,D222,TTh,02:00 PM,03:30 PM,35,"Diviani  Chaudhuri[20500964],
",3,1.5,YES,Major Elective,,Open as UWE
Drama: Tropes and Adaptations,ENG143,TUT1,ENG1YR,D222,F,02:00 PM,03:00 PM,35,"Diviani  Chaudhuri[20500964],
",1,1,YES,Major Elective,,Open as UWE
Getting Verse,ENG240,LEC1,ENG2YR,D302,TTh,10:30 AM,12:00 PM,35,"Tapan Basu
",3,1.5,YES,Major,,Open as UWE
Getting Verse,ENG240,TUT1,ENG2YR,D302,W,10:00 AM,11:00 AM,35,"Tapan Basu
",1,1,YES,Major,,Open as UWE
Intro. to Translation Studies,ENG243,LEC1,ENG2YR,D122,MW,01:00 PM,02:30 PM,35,"Gatha  Sharma[20500031],
",3,1.5,YES,Major Elective,,Open as UWE
Intro. to Translation Studies,ENG243,TUT1,ENG2YR,D110,F,04:00 PM,05:00 PM,35,"Gatha  Sharma[20500031],
",1,1,YES,Major Elective,,Open as UWE
Landmarks in the Novel Form,ENG343,LEC1,ENG3YR,D202,MW,01:30 PM,03:00 PM,35,"Teja Varma Pusapati[20500842],
",3,1.5,YES,Major,,Open as UWE
Landmarks in the Novel Form,ENG343,TUT1,ENG3YR,D306,F,01:00 PM,02:00 PM,35,"Teja Varma Pusapati[20500842],
",1,1,YES,Major,,Open as UWE
Intro. to Postcoloniality,ENG346,LEC1,ENG3YR,D306,TTh,10:30 AM,12:00 PM,35,"Chinmay  Sharma[20501103],",3,1.5,YES,Major Elective,,Open as UWE
Intro. to Postcoloniality,ENG346,TUT1,ENG3YR,D226,F,02:00 PM,03:00 PM,35,"Chinmay  Sharma[20501103],
",1,1,YES,Major Elective,,Open as UWE
Popular Fiction,ENG347,LEC1,ENG3YR,D226,TTh,02:00 PM,03:30 PM,35,"Aakriti  Mandhwani[20500931],
",3,1.5,YES,Major Elective,,Open as UWE
Popular Fiction,ENG347,TUT1,ENG3YR,D122,F,04:00 PM,05:00 PM,35,"Aakriti  Mandhwani[20500931],
",1,1,YES,Major Elective,,Open as UWE
Sceenwriting,ENG451,LEC1,ENG4YR,D210,TTh,09:00 AM,10:30 AM,30,"Sam North
",3,1.5,YES,Major Elective,,Open as UWE
Sceenwriting,ENG451,TUT1,ENG4YR,B302,F,12:00 PM,01:00 PM,30,"Sam North
",1,1,YES,Major Elective,,Open as UWE
AI in Fiction and Film,ENG450,LEC1,ENG4YR,D302,TTh,02:00 PM,03:30 PM,35,"Gautama  Polanki[20500313],
",3,1.5,YES,Major Elective,,Open as UWE
AI in Fiction and Film,ENG450,TUT1,ENG4YR,D202,F,03:00 PM,04:00 PM,35,"Gautama  Polanki[20500313],
",1,1,YES,Major Elective,,Open as UWE
World Folk Literature,ENG445,LEC1,ENG4YR,D206,MW,01:00 PM,02:30 PM,35,"Tulika  Chandra[20500029],
",3,1.5,YES,Major Elective,,Open as UWE
World Folk Literature,ENG445,TUT1,ENG4YR,D222,F,01:00 PM,02:00 PM,35,"Tulika  Chandra[20500029],
",1,1,YES,Major Elective,,Open as UWE
Literary Culture .............,ENG447,LEC1,ENG4YR,D226,TTh,03:30 PM,05:00 PM,35,"Chinmaya Lal  Thakur[20501751],
",3,1.5,YES,Major Elective,,Open as UWE
Literary Culture .............,ENG447,TUT1,ENG4YR,D202,F,04:00 PM,05:00 PM,35,"Chinmaya Lal  Thakur[20501751],
",1,1,YES,Major Elective,,Open as UWE
UGRD Supervised Research Paper,ENG499,LEC1,ENG4YR,,,,,20,,,,NO,Major,,NOT OPEN AS UWE
UGRD Supervised Research Paper,ENG499,PRAC1,ENG4YR,,,,,20,,,,NO,Major,,NOT OPEN AS UWE
Natural Gas Engineering,EWE101,LEC1,UWE,D302,TTh,03:30 PM,05:00 PM,60,"Dhiraj Kumar Garg[20500374],
",3,1.5,YES,Major Elective,,Open as UWE
Managerial Accounting,FAC203,LEC1,BMS11,D306,TTh,02:00 PM,03:30 PM,60,"MB  Ragupathy[20500227],
",3,1.5,NO,Major,,NOT OPEN AS UWE
Managerial Accounting,FAC203,LEC2,BMS12,D222,TTh,09:00 AM,10:30 AM,60,"MB  Ragupathy[20500227],
",3,1.5,NO,Major,,NOT OPEN AS UWE
Managerial Accounting,FAC203,LEC3,BMS13,D310,TTh,10:30 AM,12:00 PM,60,"Narender Lal Ahuja[20501929],
",3,1.5,NO,Major,,NOT OPEN AS UWE
Managerial Accounting,FAC203,LEC4,ENF11 ENF12 ENF13,D003,TTh,02:00 PM,03:30 PM,80,"Asish Kumar Bhattacharyya[20501374],
",3,1.5,YES,Major Elective,,Open as UWE
Investment Analysis &  Portfol,FAC307,LEC1,BMS3YR BMS4YR ENF2YR,D310,TTh,01:30 PM,03:00 PM,60,Prof Ashok Agarwal,3,1.5,YES,Major Elective BMS and core for ENF,,Open as UWE
Financial Markets & Inst.,FAC308,LEC1,ENF2YR,D022,FS,03:00 PM,04:30 PM,60,"Sunil K Parameswaran[20501471],
",3,1.5,NO,Major,,NOT OPEN AS UWE
Entrepreneurial Finance,FAC311,LEC1,BMS3YR BMS4YR ENF3YR ENF4YR,D003,MW,03:00 PM,04:30 PM,60,"Ashish  Vazirani[20501855],
",3,1.5,Yes,Major Elective,,Open as UWE
Fintech,FAC409,LEC1,BMS3YR BMS4YR ENF3YR,D007,TTh,03:30 PM,05:00 PM,60,"Ankur  Mehra[20500898],
",3,1.5,Yes,Major ENF And Major Elective BMS,,Open as UWE
"Options, Futures & Derivatives",FAC405,LEC1,BMS3YR BMS4YR ENF3YR,D026,FS,05:00 PM,06:30 PM,60,"Parvesh Aghi
",3,1.5,Yes,Major,,Open as UWE
Introduction to Mathematical..,FAC413-ECO348,LEC1,BMS3YR BMS4YR ENF2YR ENF3YR ENF4YR,B012,MW,01:00 PM,03:00 PM,40+20,"Jaideep  Ghosh[20500378],
",4,2,Yes,Major Elective ,,Open as UWE
Early Historic South Asia,HIS103,LEC1,HIS1YR,D202,MWF,10:00 AM,11:00 AM,30,"Meera  visvanathan[20500357],
",3,1,YES,Major,,Open as UWE
Early Historic South Asia,HIS103,TUT1,HIS1YR,D202,F,02:00 PM,03:00 PM,30,"Meera  visvanathan[20500357],
",1,1,YES,Major,,Open as UWE
Bronze Age Civilizations,HIS104,LEC1,HIS1YR,D206,TTh,10:30 AM,12:00 PM,30,"Sudeshna  Guha[20500519],
",3,1.5,YES,Major,,Open as UWE
Bronze Age Civilizations,HIS104,TUT1,HIS1YR,D310,W,01:00 PM,02:00 PM,30,"Sudeshna  Guha[20500519],
",1,1,YES,Major,,Open as UWE
Introducing the 'Early Modern',HIS204,LEC1,HIS2YR,D210,TTh,03:30 PM,05:00 PM,30,"Anubhuti  Maurya[20501099],
",3,1.5,YES,Major,,Open as UWE
Introducing the 'Early Modern',HIS204,TUT1,HIS2YR,D206,F,02:00 PM,03:00 PM,30,"Anubhuti  Maurya[20501099],
",1,1,YES,Major,,Open as UWE
Social Change in South Asia,HIS208,LEC1,HIS2YR,D210,TTh,10:30 AM,12:00 PM,30,"Divya  Kannan[20501004],
",3,1.5,YES,Major,,Open as UWE
Social Change in South Asia,HIS208,TUT1,HIS2YR,D210,F,03:00 PM,04:00 PM,30,"Divya  Kannan[20501004],
",1,1,YES,Major,,Open as UWE
Contemporary India 1947-1991,HIS209,LEC1,HIS2YR,D026,TTh,02:00 PM,03:30 PM,30,KAUSTUBH MANI SENGUPTA,3,1.5,YES,Major,,Open as UWE
Contemporary India 1947-1991,HIS209,TUT1,HIS2YR,D226,F,01:00 PM,02:00 PM,30,KAUSTUBH MANI SENGUPTA,1,1,YES,Major,,Open as UWE
Field Methods in Archaeology,HIS213,LEC1,HIS2YR,D306,M,03:00 PM,05:00 PM,30,"Hemanth  Kadambi[20501041],
",2,2,YES,Major,,Open as UWE
Field Methods in Archaeology,HIS213,PRAC1,HIS2YR,D107,W,03:00 PM,05:00 PM,30,"Hemanth  Kadambi[20501041],
",2,2,YES,Major,,Open as UWE
Curating Cultures: Collections,HIS305,LEC1,HIS3YR HIS4YR,D206,TTh,02:00 PM,03:30 PM,30,"Sudeshna  Guha[20500519],
",3,1.5,YES,Major Elective,,Open as UWE
Curating Cultures: Collections,HIS305,TUT1,HIS3YR HIS4YR,D306,W,02:00 PM,03:00 PM,30,"Sudeshna  Guha[20500519],
",1,1,YES,Major Elective,,Open as UWE
South Asia in Historiography,HIS311,LEC1,HIS3YR HIS4YR,D202,MW,03:00 PM,04:30 PM,30,"Iman Kumar Mitra[20501006],
",3,1.5,YES,Major Elective,,Open as UWE
South Asia in Historiography,HIS311,TUT1,HIS3YR HIS4YR,D206,F,03:00 PM,04:00 PM,30,"Iman Kumar Mitra[20501006],
",1,1,YES,Major Elective,,Open as UWE
Histories of Education & Youth,HIS318,LEC1,HIS3YR HIS4YR,D206,TTh,03:30 PM,05:00 PM,30,"Divya  Kannan[20501004],
",3,1.5,YES,Major Elective,,Open as UWE
Histories of Education & Youth,HIS318,TUT1,HIS3YR HIS4YR,D210,F,01:00 PM,02:00 PM,30,"Divya  Kannan[20501004],
",1,1,YES,Major Elective,,Open as UWE
Historicizing Caste,HIS325,LEC1,HIS3YR HIS4YR,D210,MW,01:00 PM,02:30 PM,30,"Meera  visvanathan[20500357],
",3,1.5,YES,Major Elective,,Open as UWE
Historicizing Caste,HIS325,TUT1,HIS3YR HIS4YR,D206,F,04:00 PM,05:00 PM,30,"Meera  visvanathan[20500357],
",1,1,YES,Major Elective,,Open as UWE
"Cities in Modern South Asia,",HIS330,LEC1,HIS3YR HIS4YR,D226,TTh,09:00 AM,10:30 AM,30,KAUSTUBH MANI SENGUPTA,3,1.5,YES,Major Elective,,Open as UWE
"Cities in Modern South Asia,",HIS330,TUT1,HIS3YR HIS4YR,D210,F,02:00 PM,03:00 PM,30,KAUSTUBH MANI SENGUPTA,1,1,YES,Major Elective,,Open as UWE
India in world Affairs,INT103,LEC1,INT1YR,B011,TTh,10:30 AM,12:00 PM,50,"Atul  Mishra[20500723],
",3,1.5,YES,Major,,Open as UWE
India in world Affairs,INT103,TUT1,INT1YR,D302,F,02:00 PM,03:00 PM,50,"Atul  Mishra[20500723],
",1,1,YES,Major,,Open as UWE
Intl.Orgs. & Global Governance,INT104,LEC1,INT1YR,D222,MW,01:00 PM,02:30 PM,40,"Priyanka  Pandit[20501601],
",3,1.5,YES,Major,,Open as UWE
Intl.Orgs. & Global Governance,INT104,TUT1,INT1YR,D306,T,12:00 PM,01:00 PM,40,"Priyanka  Pandit[20501601],
",1,1,YES,Major,,Open as UWE
Theorizing Intl. Relations,INT105,LEC1,INT1YR,A218,TTh,02:00 PM,03:30 PM,45,"Sruthi  Muraleedharan[20501002],
",3,1.5,YES,Major,,Open as UWE
Theorizing Intl. Relations,INT105,TUT1,INT1YR,D006,F,01:00 PM,02:00 PM,45,"Sruthi  Muraleedharan[20501002],
",1,1,YES,Major,,Open as UWE
International Security,INT204,LEC1,INT2YR ,D226,MW,01:00 PM,02:30 PM,45,"Medha  .[20501185],
",3,1.5,YES,Major,,Open as UWE
International Security,INT204,TUT1,INT2YR ,D202,T,12:00 PM,01:00 PM,45,"Medha  .[20501185],
",1,1,YES,Major,,Open as UWE
"Science,Tech. & Int. Relations",INT205,LEC1,INT2YR,D306,TTh,03:30 PM,05:00 PM,40,"Jabin Thomas Jacob[20501014],
",3,1.5,YES,Major,,Open as UWE
"Science,Tech. & Int. Relations",INT205,TUT1,INT2YR,D007,F,01:00 PM,02:00 PM,40,"Jabin Thomas Jacob[20501014],
",1,1,YES,Major,,Open as UWE
Globalization in Critical Per.,INT218,LEC1,INT2YR,D109,TTh,02:00 PM,03:30 PM,20,"Carlos Frederico Pereira da Silva Gama[20501922],
",3,1.5,YES,Major Elective,,Open as UWE
Globalization in Critical Per.,INT218,TUT1,INT2YR,D109,F,02:00 PM,03:00 PM,20,"Carlos Frederico Pereira da Silva Gama[20501922],
",1,1,YES,Major Elective,,Open as UWE
Agric. in/vs Environment:.....,INT232,LEC1,INT2YR,B203,TTh,10:30 AM,12:00 PM,30,"Rajeswari Sarala Raina[20500660],
",3,1.5,YES,Major Elective,,Open as UWE
Agric. in/vs Environment:.....,INT232,TUT1,INT2YR,D106,W,03:00 PM,04:00 PM,30,"Rajeswari Sarala Raina[20500660],
",1,1,YES,Major Elective,,Open as UWE
Islam in Global Politics,INT350,LEC1,INT3YR,D102,MW,03:30 PM,05:00 PM,20,"Medha  .[20501185],
",3,1.5,YES,Major Elective,,Open as UWE
Islam in Global Politics,INT350,TUT1,INT3YR,D110,T,01:00 PM,02:00 PM,20,"Medha  .[20501185],
",1,1,YES,Major Elective,,Open as UWE
Central Eurasian Empires:.....,INT353,LEC1,INT3YR,D302,TTh,09:00 AM,10:30 AM,30,"Siddiq  Wahid[20501671],
",3,1.5,YES,Major Elective,,Open as UWE
Central Eurasian Empires:.....,INT353,TUT1,INT3YR,D310,W,02:00 PM,03:00 PM,30,"Siddiq  Wahid[20501671],
",1,1,YES,Major Elective,,Open as UWE
The Making of Nuclear Order...,INT354,LEC1,INT3YR,B205,TTh,10:30 AM,12:00 PM,25,Kapil Patil,3,1.5,YES,Major Elective,,Open as UWE
The Making of Nuclear Order...,INT354,TUT1,INT3YR,D306,M,02:00 PM,03:00 PM,25,Kapil Patil,1,1,YES,Major Elective,,Open as UWE
Intro to Info Sys and Ope Mgmt,ISM101,LEC1,BMS11,D022,S,10:00 AM,01:00 PM,60,"Ajit Kumar Saxena
",3,1.5,No,Major,,NOT OPEN AS UWE
Intro to Info Sys and Ope Mgmt,ISM101,LEC2,BMS12,B309,M,08:00 AM,09:30 AM,60,"Vallurupalli  Vamsi[20501450],
Avinash  Samvedi[20501683],
",3,1.5,No,Major,,NOT OPEN AS UWE
Intro to Info Sys and Ope Mgmt,ISM101,LEC2,BMS12,B309,W,09:30 AM,11:00 AM,60,"Vallurupalli  Vamsi[20501450],
Avinash  Samvedi[20501683],
",3,1.5,No,Major,,NOT OPEN AS UWE
Intro to Info Sys and Ope Mgmt,ISM101,LEC3,BMS13,B309,M,09:30 AM,11:00 AM,60,"Vallurupalli  Vamsi[20501450],
Avinash  Samvedi[20501683],
",3,1.5,No,Major,,NOT OPEN AS UWE
Intro to Info Sys and Ope Mgmt,ISM101,LEC3,BMS13,B309,W,08:00 AM,09:30 AM,60,"Vallurupalli  Vamsi[20501450],
Avinash  Samvedi[20501683],
",3,1.5,No,Major,,NOT OPEN AS UWE
Calculus II,MAT102,LEC1,ECO1YR ENF1YR MAT1YR PHY1YR,B315,WF,02:00 PM,03:30 PM,300,"Amber  Habib[20500009],
",3,1.5,YES,Major,,Open as UWE
Calculus II,MAT102,TUT1,MAT1YR,B203,M,09:00 AM,10:00 AM,30,TBA,1,1,YES,Major,,Open as UWE
Calculus II,MAT102,TUT2,ECO11,D310,T,06:00 PM,07:00 PM,30,TBA,1,1,YES,Major,,Open as UWE
Calculus II,MAT102,TUT3,ECO12,D110,Th,06:00 PM,07:00 PM,30,TBA,1,1,YES,Major,,Open as UWE
Calculus II,MAT102,TUT4,ENF11,D206,M,06:00 PM,07:00 PM,30,TBA,1,1,YES,Major,,Open as UWE
Calculus II,MAT102,TUT5,ENF12,D206,W,06:00 PM,07:00 PM,30,TBA,1,1,YES,Major,,Open as UWE
Calculus II,MAT102,TUT6,ENF13,D206,F,06:00 PM,07:00 PM,30,TBA,1,1,YES,Major,,Open as UWE
Calculus II,MAT102,TUT7,UWE,D222,M,05:00 PM,06:00 PM,30,TBA,1,1,YES,Major,,Open as UWE
Calculus II,MAT102,TUT8,UWE,B203,T,05:00 PM,06:00 PM,30,TBA,1,1,YES,Major,,Open as UWE
Calculus II,MAT102,TUT9,UWE,D306,W,05:00 PM,06:00 PM,30,TBA,1,1,YES,Major,,Open as UWE
Calculus II,MAT102,TUT10,UWE,D306,Th,05:00 PM,06:00 PM,30,TBA,1,1,YES,Major,,Open as UWE
Mathematical Methods II,MAT104,LEC1,ELC11 ELC12 ELC13 ELC14 ELC15 ELC16 ELC17,B315,TTh,09:00 AM,10:30 AM,236,"Ajit  Kumar[20500008],
",3,1.5,NO,Major,,NOT OPEN AS UWE
Mathematical Methods II,MAT104,LEC2,CED1YR CHD1YR MED11 MED12,B108,MW,05:00 PM,06:30 PM,120,"Charu  Sharma[20500010],
",3,1.5,NO,Major,,NOT OPEN AS UWE
Mathematical Methods II,MAT104,TUT1,ELC11,B205,T,05:00 PM,06:00 PM,30,TBA,1,1,NO,Major,,NOT OPEN AS UWE
Mathematical Methods II,MAT104,TUT2,ELC12,D310,Th,05:00 PM,06:00 PM,30,TBA,1,1,NO,Major,,NOT OPEN AS UWE
Mathematical Methods II,MAT104,TUT3,ELC13,B303,T,05:00 PM,06:00 PM,30,TBA,1,1,NO,Major,,NOT OPEN AS UWE
Mathematical Methods II,MAT104,TUT4,ELC14,B203,Th,05:00 PM,06:00 PM,30,TBA,1,1,NO,Major,,NOT OPEN AS UWE
Mathematical Methods II,MAT104,TUT5,ELC15,B305,T,05:00 PM,06:00 PM,30,TBA,1,1,NO,Major,,NOT OPEN AS UWE
Mathematical Methods II,MAT104,TUT6,ELC16,B205,Th,05:00 PM,06:00 PM,30,TBA,1,1,NO,Major,,NOT OPEN AS UWE
Mathematical Methods II,MAT104,TUT7,ELC17,B217,T,05:00 PM,06:00 PM,30,TBA,1,1,NO,Major,,NOT OPEN AS UWE
Mathematical Methods II,MAT104,TUT8,CHD1YR,D210,F,06:00 PM,07:00 PM,30,TBA,1,1,NO,Major,,NOT OPEN AS UWE
Mathematical Methods II,MAT104,TUT9,MED11,D306,F,05:00 PM,06:00 PM,30,TBA,1,1,NO,Major,,NOT OPEN AS UWE
Mathematical Methods II,MAT104,TUT10,MED12,D310,F,05:00 PM,06:00 PM,35,TBA,1,1,NO,Major,,NOT OPEN AS UWE
Mathematical Methods II,MAT104,TUT11,CED1YR,D302,F,06:00 PM,07:00 PM,35,TBA,1,1,NO,Major,,NOT OPEN AS UWE
Vector Calculus and Geometry,MAT132,LEC1,MAT1YR,B205,TTh,01:30 PM,03:00 PM,30,"Pradip Kumar
",3,1.5,YES,Major,,Open as UWE
Vector Calculus and Geometry,MAT132,TUT1,MAT1YR,B205,F,09:00 AM,10:00 AM,30,"Pradip Kumar
",1,1,YES,Major,,Open as UWE
Mathematical Modelling,MAT150,LEC1,MAT1YR,B217,WF,03:30 PM,05:00 PM,30,"Niteesh Sahni
",3,1.5,YES,Major,,Open as UWE
Mathematical Modelling,MAT150,TUT1,MAT1YR,D310,M,02:00 PM,03:00 PM,30,"Niteesh Sahni
",1,1,YES,Major,,Open as UWE
Applied Linear Algebra,MAT161,LEC1,CSD11 CSD12 CSD13 CSD14 CSD15 CSD16,B315,TTh,12:00 PM,01:30 PM,230,"Neha  Gupta[20500087],
",3,1.5,YES,Major,,Open as UWE
Applied Linear Algebra,MAT161,TUT1,CSD11,D210,M,06:00 PM,07:00 PM,36,TBA,1,1,YES,Major,,Open as UWE
Applied Linear Algebra,MAT161,TUT2,CSD12,D210,W,06:00 PM,07:00 PM,36,TBA,1,1,YES,Major,,Open as UWE
Applied Linear Algebra,MAT161,TUT3,CSD13,D306,F,06:00 PM,07:00 PM,36,TBA,1,1,YES,Major,,Open as UWE
Applied Linear Algebra,MAT161,TUT4,CSD14,D222,M,06:00 PM,07:00 PM,36,TBA,1,1,YES,Major,,Open as UWE
Applied Linear Algebra,MAT161,TUT5,CSD15,D222,W,06:00 PM,07:00 PM,36,TBA,1,1,YES,Major,,Open as UWE
Applied Linear Algebra,MAT161,TUT6,CSD16,D310,F,06:00 PM,07:00 PM,36,TBA,1,1,YES,Major,,Open as UWE
Real Analysis II,MAT221,LEC1,MAT2YR,B219,TTh,02:00 PM,03:30 PM,30,"Sanjeev  Agrawal[20500033],
",3,1.5,YES,Major,,Open as UWE
Real Analysis II,MAT221,TUT1,MAT2YR,B011,W,04:00 PM,05:00 PM,30,"Sanjeev  Agrawal[20500033],
",1,1,YES,Major,,Open as UWE
Algebra II,MAT241,LEC1,MAT2YR,B007,TTh,10:30 AM,12:00 PM,30,"Parul  Gupta[20501904],
",3,1.5,YES,Major,,Open as UWE
Algebra II,MAT241,TUT1,MAT2YR,B007,F,02:00 PM,03:00 PM,30,"Parul  Gupta[20501904],
",1,1,YES,Major,,Open as UWE
Combinatorics,MAT246,LEC1,MAT2YR MAT3YR,B217,MWF,09:00 AM,10:00 AM,40,"Satyanarayana  Reddy[20500099],
",3,1,YES,Major Elective,,Open as UWE
Combinatorics,MAT246,TUT1,MAT2YR MAT3YR,A218,W,01:00 PM,02:00 PM,40,"Satyanarayana  Reddy[20500099],
",1,1,YES,Major Elective,,Open as UWE
Numerical Analysis I,MAT280,LEC1,MAT2YR,B007,TTh,05:00 PM,06:30 PM,28,Samit Bhattacharyya.,3,1.5,Yes,Major,,Open as UWE
Numerical Analysis I,MAT280,PRAC1,MAT2YR,B113,W,02:00 PM,03:00 PM,28,Samit Bhattacharyya.,2,2,Yes,Major,,Open as UWE
Introduction to Statistics,MAT283,LEC1,MAT2YR,B007,MWF,10:00 AM,11:00 AM,30,"Qazi Azhad Jamal[20501762],
",3,1.5,YES,Major,,Open as UWE
Introduction to Statistics,MAT283,TUT1,MAT2YR,B007,F,03:00 PM,04:00 PM,30,"Qazi Azhad Jamal[20501762],
",1,1,YES,Major,,Open as UWE
Partial Differential Equations,MAT330,LEC1,MAT3YR,B309,TTh,09:00 AM,10:30 AM,30,"Samit  Bhattacharyya[20500432],
",3,1.5,YES,Major,,Open as UWE
Partial Differential Equations,MAT330,TUT1,MAT3YR,B007,F,05:00 PM,06:00 PM,30,TBA,1,1,YES,Major,,Open as UWE
Optimization I,MAT388,LEC1,MAT3YR,B217,TTh,03:30 PM,05:00 PM,30,"Dipti  Dubey[20501196],
",3,1.5,YES,Major Elective,,Open as UWE
Optimization I,MAT388,TUT1,MAT3YR,B011,F,02:00 PM,03:00 PM,30,"Dipti  Dubey[20501196],
",1,1,YES,Major Elective,,Open as UWE
Machine Learning through R.,MAT394,LEC1,MAT3YR CSD3YR,B217,TTh,02:00 PM,03:30 PM,30,"Niteesh  Sahni[20500011],
",3,1.5,YES,Major Elective,,Open as UWE
Machine Learning through R.,MAT394,PRAC1,MAT3YR CSD3YR,C309,W,01:00 PM,03:00 PM,30,"Niteesh  Sahni[20500011],
",2,2,YES,Major Elective,,Open as UWE
Undergraduate Seminar,MAT399,LEC1,MAT3YR,B217,MF,12:30 PM,02:00 PM,30,"Sneh Lata
",3,1.5,NO,Major,,NOT OPEN AS UWE
Undergraduate Seminar,MAT399,PRAC1,MAT3YR,B113,W,10:00 AM,11:00 AM,30,"Sneh Lata
",2,2,NO,Major,,NOT OPEN AS UWE
Complex Analysis,MAT424,LEC1,MAT3YR,B219,MW,05:00 PM,06:30 PM,30,"Santosh  Singh[20500163],
",3,1.5,YES,Major Elective,,Open as UWE
Complex Analysis,MAT424,TUT1,MAT3YR,B309,Th,05:00 PM,06:00 PM,30,"Santosh  Singh[20500163],
",1,1,YES,Major Elective,,Open as UWE
Basic Category Theory,MAT444,LEC1,MAT3YR,B011,MWF,10:00 AM,11:00 AM,30,"Neha  Gupta[20500087],
",3,1,YES,Major Elective,,Open as UWE
Basic Category Theory,MAT444,TUT1,MAT3YR,B219,M,02:00 PM,03:00 PM,30,"Neha  Gupta[20500087],
",1,1,YES,Major Elective,,Open as UWE
Discrete Time Finance,MAT490,LEC1,MAT3YR MAT4YR,B203,MWF,08:00 AM,09:00 AM,30,"Charu  Sharma[20500010],
",3,1,YES,Major Elective,,Open as UWE
Discrete Time Finance,MAT490,TUT1,MAT3YR MAT4YR,B217,M,10:00 AM,11:00 AM,30,"Charu  Sharma[20500010],
",1,1,YES,Major Elective,,Open as UWE
Cryptography,MAT542,LEC1,MAT2YR MAT3YR,B011,MW,05:00 PM,06:30 PM,30,"Satyanarayana  Reddy[20500099],
",3,1.5,YES,Major Elective,,Open as UWE
Cryptography,MAT542,TUT1,MAT2YR MAT3YR,B219,M,10:00 AM,11:00 AM,30,"Satyanarayana  Reddy[20500099],
",1,1,YES,Major Elective,,Open as UWE
Field Theory,MAT591,LEC1,MAT3YR MAT4YR,B007,MW,01:00 PM,02:30 PM,30,"Parul  Gupta[20501904],
",3,1.5,YES,Major Elective,,Open as UWE
Field Theory,MAT591,TUT1,MAT3YR MAT4YR,B303,F,02:00 PM,03:00 PM,30,"Satyanarayana  Reddy[20500099],
",1,1,YES,Major Elective,,Open as UWE
Measure and Integration,MAT620,LEC1,MAT3YR MAT4YR,B303,TTh,02:00 PM,03:30 PM,30,"Priyanka  Grover[20500411],
",3,1.5,YES,Major Elective,,Open as UWE
Measure and Integration,MAT620,TUT1,MAT3YR MAT4YR,B205,W,01:00 PM,02:00 PM,30,"Priyanka  Grover[20500411],
",1,1,YES,Major Elective,,Open as UWE
Metric Spaces,MAT422,LEC1,MAT3YR MAT4YR,B219,TTh,10:30 AM,12:00 PM,30,"Sanjeev  Agrawal[20500033],
",3,1.5,YES,Major Elective,,Open as UWE
Metric Spaces,MAT422,TUT1,MAT3YR MAT4YR,B205,W,02:00 PM,03:00 PM,30,"Sanjeev  Agrawal[20500033],
",1,1,YES,Major Elective,,Open as UWE
Stochastic Processes,MAT584,LEC1,MAT3YR MAT4YR,A308,MW,03:00 PM,04:30 PM,30,"Qazi Azhad Jamal[20501762],
",4,1.5,YES,Major Elective,,Open as UWE
Stochastic Processes,MAT584,LEC1,MAT3YR MAT4YR,A308,F,04:00 PM,05:00 PM,30,"Qazi Azhad Jamal[20501762],
",1,1,YES,Major Elective,,Open as UWE
Economics for Business – I,MEC103,LEC1,BMS11,A218,M,01:00 PM,03:00 PM,60,"Aishna  Sharma[20501148],
Simanti  Bandyopadhyay[20500403],
",4,2,NO,Major,,NOT OPEN AS UWE
Economics for Business – I,MEC103,LEC1,BMS11,A218,W,04:00 PM,06:00 PM,60,"Aishna  Sharma[20501148],
Simanti  Bandyopadhyay[20500403],
",4,2,NO,Major,,NOT OPEN AS UWE
Economics for Business – I,MEC103,LEC2,BMS12,A312,W,01:00 PM,03:00 PM,60,"Aishna  Sharma[20501148],
Simanti  Bandyopadhyay[20500403],
",4,2,NO,Major,,NOT OPEN AS UWE
Economics for Business – I,MEC103,LEC2,BMS12,A312,F,04:00 PM,06:00 PM,60,"Aishna  Sharma[20501148],
Simanti  Bandyopadhyay[20500403],
",4,2,NO,Major,,NOT OPEN AS UWE
Economics for Business – I,MEC103,LEC3,BMS13,A218,F,01:00 PM,03:00 PM,60,"Aishna  Sharma[20501148],
Simanti  Bandyopadhyay[20500403],
",4,2,NO,Major,,NOT OPEN AS UWE
Economics for Business – I,MEC103,LEC3,BMS13,A218,M,04:00 PM,06:00 PM,60,"Aishna  Sharma[20501148],
Simanti  Bandyopadhyay[20500403],
",4,2,NO,Major,,NOT OPEN AS UWE
Game Theory & Strat. Behaviour,MEC201,LEC1,BMS2YR BMS3YR BMS4YR,B012,TTh,09:00 AM,10:30 AM,60,"Meenakshi  Ghosh[20501340],
",3,1.5,YES,Major Elective,,Open as UWE
Kinematics & Dynamics of M/cs,MED204,LEC1,MED21 MED22,B012,MWF,08:00 AM,09:00 AM,60,"Arpit Kumar Srivastav[20501913],
",3,1,YES,Major,,Open as UWE
Kinematics & Dynamics of M/cs,MED204,PRAC1,MED21,C112,M,01:00 PM,03:00 PM,30,"Arpit Kumar Srivastav[20501913],
",2,2,YES,Major,,Open as UWE
Kinematics & Dynamics of M/cs,MED204,PRAC2,MED22,C112,W,03:00 PM,05:00 PM,30,"Arpit Kumar Srivastav[20501913],
",2,2,YES,Major,,Open as UWE
Engineering Thermodynamics,MED205,LEC1,MED21 MED22,D003,MW,10:00 AM,11:00 AM,60,"Visakh  Vaikuntanathan[20501507],
",2,1,YES,Major,,Open as UWE
Engineering Thermodynamics,MED205,TUT1,MED21,D222,F,03:00 PM,04:00 PM,30,"Visakh  Vaikuntanathan[20501507],
",1,1,YES,Major,,Open as UWE
Engineering Thermodynamics,MED205,TUT2,MED22,A308,M,01:00 PM,02:00 PM,30,"Visakh  Vaikuntanathan[20501507],
",1,1,YES,Major,,Open as UWE
Mech. Engg. Design & Graphics,MED209,LEC1,MED21 MED22,D202,TTh,02:00 PM,03:00 PM,60,"Ankit  Gupta[20501013],
Arpit Kumar Srivastav[20501913],
",2,1,YES,Major,,Open as UWE
Mech. Engg. Design & Graphics,MED209,PRAC1,MED21,C117,W,01:00 PM,03:00 PM,30,"Ankit  Gupta[20501013],
Arpit Kumar Srivastav[20501913],
",2,2,YES,Major,,Open as UWE
Mech. Engg. Design & Graphics,MED209,PRAC2,MED22,C117,F,03:00 PM,05:00 PM,30,"Ankit  Gupta[20501013],
Arpit Kumar Srivastav[20501913],
",2,2,YES,Major,,Open as UWE
Principles of Industrial Engg.,MED210,LEC1,MED21 MED22,D003,MWF,09:00 AM,10:00 AM,60,"Divya  Shrivastava[20500160],
",3,1,YES,Major,,Open as UWE
Refrgtn. & Air Conditioning,MED305,LEC1,MED3YR,D306,TTh,09:00 AM,10:00 AM,50,"Sumit  Tiwari[20501098],
",2,1,NO,Major,,NOT OPEN AS UWE
Refrgtn. & Air Conditioning,MED305,PRAC1,MED31,D004,M,03:00 PM,05:00 PM,25,"Sumit  Tiwari[20501098],
",2,2,NO,Major,,NOT OPEN AS UWE
Refrgtn. & Air Conditioning,MED305,PRAC2,MED32,D004,W,01:00 PM,03:00 PM,25,"Sumit  Tiwari[20501098],
",2,2,NO,Major,,NOT OPEN AS UWE
Fluid Machinery,MED306,LEC1,MED3YR,B016,MW,05:00 PM,06:00 PM,60,"Visakh  Vaikuntanathan[20501507],
",2,1,YES,Major,,Open as UWE
Fluid Machinery,MED306,PRAC1,MED31,C010,W,01:00 PM,03:00 PM,30,"Visakh  Vaikuntanathan[20501507],Sathi Rajesh Reddy[20500731],
",2,2,YES,Major,,Open as UWE
Fluid Machinery,MED306,PRAC2,MED32,C010,F,01:00 PM,03:00 PM,30,"Visakh  Vaikuntanathan[20501507],Sathi Rajesh Reddy[20500731],
",2,2,YES,Major,,Open as UWE
Fluid Machinery,MED306,PRAC3,UWE,C010,W,03:00 PM,05:00 PM,30,"Visakh  Vaikuntanathan[20501507],Sathi Rajesh Reddy[20500731],
",2,2,YES,Major,,Open as UWE
Finite Element Methods,MED307,LEC1,MED3YR,D206,TTh,05:00 PM,06:30 PM,50,"Ankit  Gupta[20501013],
",3,1.5,NO,Major Elective,,NOT OPEN AS UWE
CAD & Manufacturing,MED314,LEC1,MED21 MED22,D310,TTh,09:00 AM,10:00 AM,50,"Ganeshthangaraj  Ponniah[20500265],
Ankit  Gupta[20501013],
",2,1,NO,Major Elective,,NOT OPEN AS UWE
CAD & Manufacturing,MED314,PRAC1,MED21,D018,F,01:00 PM,03:00 PM,25,"Ganeshthangaraj  Ponniah[20500265],
Ankit  Gupta[20501013],
",2,2,YES,Major,,Open as UWE
CAD & Manufacturing,MED314,PRAC2,MED22,D018,M,03:00 PM,05:00 PM,25,"Ganeshthangaraj  Ponniah[20500265],
Ankit  Gupta[20501013],
",2,2,YES,Major,,Open as UWE
I.C. Engines & Automobiles,MED315,LEC1,MED3YR,D026,MWF,08:00 AM,09:00 AM,50,"Sathi Rajesh Reddy[20500731],
",3,1,NO,Major,,NOT OPEN AS UWE
I.C. Engines & Automobiles,MED315,PRAC1,MED31, Utility Block opposite to A Block,F,03:00 PM,05:00 PM,25,"Sathi Rajesh Reddy[20500731],
",2,2,NO,Major,,NOT OPEN AS UWE
I.C. Engines & Automobiles,MED315,PRAC2,MED32, Utility Block opposite to A Block,M,03:00 PM,05:00 PM,25,"Sathi Rajesh Reddy[20500731],
",2,2,NO,Major,,NOT OPEN AS UWE
Fundamentls of Hyd. Fuel Cells,MED324,LEC1,MED3YR,D006,MW,09:00 AM,10:00 AM,50,"Harpreet Singh Arora[20500396],
",2,1,NO,Major Elective,,NOT OPEN AS UWE
Fundamentls of Hyd. Fuel Cells,MED324,LEC1,MED3YR,D206,T,12:00 PM,02:00 PM,50,"Harpreet Singh Arora[20500396],
",2,2,NO,Major Elective,,NOT OPEN AS UWE
Industrial Automation,MED326,LEC1,MED3YR,B217,TTh,10:30 AM,11:30 AM,50,"Divya  Shrivastava[20500160],
Snehasis  Mukherjee[20501281],
Ganeshthangaraj  Ponniah[20500265],
",2,1,NO,Major Elective,,NOT OPEN AS UWE
Industrial Automation,MED326,PRAC1,MED3YR,C004,M,01:00 PM,03:00 PM,17,"Ganeshthangaraj  Ponniah[20500265],
Snehasis  Mukherjee[20501281],
Divya  Shrivastava[20500160],
",2,2,NO,Major Elective,,NOT OPEN AS UWE
Industrial Automation,MED326,PRAC2,MED3YR,C004,W,03:00 PM,05:00 PM,17,"Ganeshthangaraj  Ponniah[20500265],
Snehasis  Mukherjee[20501281],
Divya  Shrivastava[20500160],
",2,2,NO,Major Elective,,NOT OPEN AS UWE
Industrial Automation,MED326,PRAC3,MED3YR,C004,M,03:00 PM,05:00 PM,16,"Divya  Shrivastava[20500160],
Snehasis  Mukherjee[20501281],
Ganeshthangaraj  Ponniah[20500265],
",2,2,NO,Major Elective,,NOT OPEN AS UWE
Electric Vehicle Technology,MED327,LEC1,MED3YR,D210,TTh,05:00 PM,06:30 PM,50,"Harender  .[20500199],
",3,1.5,Yes,Major Elective,,Open as UWE
Adv. Comp. Prog. & Num. Tech.,MED404,LEC1,MED3YR,D306,MW,10:00 AM,11:00 AM,50,"Meha  Bhogra[20501445],
",2,1,No,Major Elective,,NOT OPEN AS UWE
Adv. Comp. Prog. & Num. Tech.,MED404,PRAC1,MED3YR,D018,M,01:00 PM,03:00 PM,25,"Meha  Bhogra[20501445],
",2,2,NO,Major Elective,,NOT OPEN AS UWE
Adv. Comp. Prog. & Num. Tech.,MED404,PRAC2,MED3YR,D018,W,03:00 PM,05:00 PM,25,"Meha  Bhogra[20501445],
",2,1,NO,Major Elective,,NOT OPEN AS UWE
Energy Conv.Tech & Energy Mgmt,MED413,LEC1,MED3YR,D310,MWF,10:00 AM,11:00 AM,50,"Santanu  Mitra[20500178],
",3,1,NO,Major Elective,,NOT OPEN AS UWE
Business Law,MGT201,LEC1,BMS11,D003,TTh,09:00 AM,10:30 AM,60,"Amit Bagga
",3,1.5,NO,Major,,NOT OPEN AS UWE
Business Law,MGT201,LEC2,BMS12,B311,TTh,10:30 AM,12:00 PM,60,"Rashmi  Aggarwal[20501530],
",3,1.5,NO,Major,,NOT OPEN AS UWE
Business Law,MGT201,LEC3,BMS13,B007,TTh,02:00 PM,03:30 PM,60,"Rashmi  Aggarwal[20501530],
",3,1.5,NO,Major,,NOT OPEN AS UWE
Legal aspects of Marketing,MGT206,LEC1,BMS2YR BMS3YR BMS4YR,B016,F,01:00 PM,03:00 PM,60,"Rashmi  Aggarwal[20501530],
",2,2,YES,Major Elective,,Open as UWE
TVL Execution Phase,MGT207,LEC1,BMS2YR,D217,T,12:00 PM,01:00 PM,140,"Atanu  Rakshit[20501780],
",1,1,NO,Major,,NOT OPEN AS UWE
Overcoming Communicating Barriers,MGT303,LEC1,BMS2YR BMS3YR BMS4YR,A312,TTh,02:00 PM,03:30 PM,60,"Debmalya  Biswas[20501809],
",3,1.5,Yes,Major Elective,,Open as UWE
Public Health Management,MGT304,LEC1,BMS3YR BMS4YR,D007,F,09:00 AM,10:00 AM,60,Dr Chandan Kumar ,3,1,Yes,Major Elective,,Open as UWE
Public Health Management,MGT304,LEC1,BMS3YR BMS4YR,D007,S,02:00 PM,04:00 PM,60,Dr Chandan Kumar ,3,2,Yes,Major Elective,,Open as UWE
India knowledge system ,MGT305,LEC1,BMS4YR,D026,S,02:00 PM,05:00 PM,65,Dr. Girishwer Mishra ,3,2,Yes,Major Elective,,Open as UWE
Fund. of Intellectual Property,MGT401,LEC1,BMS2YR BMS3YR BMS4YR,D007,TTh,10:30 AM,12:00 PM,60,"Vinita  Krishna[20501149],
",3,1.5,YES,Major Elective,,Open as UWE
International Marketing,MKT305,LEC1,BMS3YR BMS4YR,D006,Th,02:00 PM,03:30 PM,60,Dr Preeti Tak,3,1.5,YES,Major Elective,,Open as UWE
International Marketing,MKT305,LEC1,BMS3YR BMS4YR,D006,S,11:00 AM,12:30 PM,60,Dr Preeti Tak,3,1.5,YES,Major Elective,,Open as UWE
Developing Management Skills,OHM304,LEC1,BMS2YR BMS3YR BMS4YR,B217,MW,01:00 PM,02:30 PM,40,"Shailendra Singh
",3,1.5,No,Major Elective,,NOT OPEN AS UWE
Integrated Mktg. Communication,MKT402,LEC1,BMS3YR BMS4YR,A316,TTh,02:00 PM,03:30 PM,60,Farhan Mustafa ,3,1.5,YES,Major Elective,,Open as UWE
Services marketing,MKT403,LEC1,BMS2YR BMS3YR BMS4YR,D006,MW,03:00 PM,04:30 PM,60,"Kareem Abdul Waheed[20501644],
",3,1.5,NO,Major Elective,,NOT OPEN AS UWE
Mining Insights,MKT405,LEC1,BMS2YR BMS3YR BMS4YR,D007,MW,03:00 PM,05:00 PM,40,"Paromita  Goswami[20500241],
",4,2,YES,Major Elective,,Open as UWE
Marketing Research,MKT406,LEC1,BMS3YR BMS4YR,D022,TTh,02:00 PM,03:30 PM,60,"Bikramjit  Rishi[20501490],
",3,1.5,YES,Major Elective,,Open as UWE
ART AND SCIENCE OF HAPPINESS,OHM206,LEC1,UWE,B309,TTh,03:30 PM,05:00 PM,60,"Shailendra  Singh[20501954],
",3,1.5,YES,UWE,,Open as UWE
Leadership Prin. & Practices,OHM301,LEC1,BMS3YR BMS4YR,D022,F,01:00 PM,03:00 PM,60,"Arvind  Shatdal[20500216],
",2,2,YES,Major Elective,,Open as UWE
Leadership Prin. & Practices,OHM301,PRAC1,BMS3YR BMS4YR,B012,T,12:00 PM,01:00 PM,60,"Arvind  Shatdal[20500216],
",1,1,YES,Major Elective,,Open as UWE
A Behavioural Lens on Pol.....,OHM302,LEC1,BMS2YR BMS3YR BMS4YR,B012,F,03:00 PM,05:00 PM,60,"Vivek  Khanna[20501200],
",2,2,YES,Major Elective,,Open as UWE
Recruitment and Selection,OHM303,LEC1,BMS2YR BMS3YR BMS4YR,A218,TTh,10:30 AM,12:00 PM,60,Shailendra Singh,3,1.5,No,Major Elective,,NOT OPEN AS UWE
Environmental Sustainibility and Industries,MGT211,LEC1,BMS2YR,A312,TTh,10:30 AM,12:00 PM,60,"Aisha Siddiqua
",3,1.5,NO,Major Elective,,NOT OPEN AS UWE
Introduction to Physics II,PHY102,LEC1,CSD11 CSD12 CSD13 CED1YR,B016,MWF,10:00 AM,11:00 AM,120,"Binson  Babu[20501682],
",3,1,NO,Major,,NOT OPEN AS UWE
Introduction to Physics II,PHY102,LEC2,CSD14 CSD15 CSD16,B108,MWF,10:00 AM,11:00 AM,120,"Sajal Kumar Ghosh[20500246],
",3,1,NO,Major,,NOT OPEN AS UWE
Introduction to Physics II,PHY102,LEC3,MED11 MED12 CHD1YR,B012,MWF,10:00 AM,11:00 AM,120,"Aloke  Kanjilal[20500143],
",3,1,NO,Major,,NOT OPEN AS UWE
Introduction to Physics II,PHY102,LEC4,ELC11 ELC12 ELC13 CHY1YR,D217,MWF,10:00 AM,11:00 AM,120,"Ipsita  Mandal[20501726],
",3,1,NO,Major,,NOT OPEN AS UWE
Introduction to Physics II,PHY102,LEC5,ELC14 ELC15 ELC16 ELC17,B315,MWF,10:00 AM,11:00 AM,120,"Bhaskar  Kaviraj[20500244],
",3,,NO,Major,,NOT OPEN AS UWE
Introduction to Physics II,PHY102,PRAC1,CSD11 CSD12 CSD13 CED1YR,A103,T,02:00 PM,05:00 PM,120,"Rana  Nandi[20501594],
",3,3,NO,Major,,NOT OPEN AS UWE
Introduction to Physics II,PHY102,PRAC2,CSD14 CSD15 CSD16,A103,Th,02:00 PM,05:00 PM,120,"Susanta Sinha Roy[20500095],
",3,3,NO,Major,,NOT OPEN AS UWE
Introduction to Physics II,PHY102,PRAC3,MED11 MED12 CHD1YR,A103,F,02:00 PM,05:00 PM,120,"Samarendra Pratap Singh[20500036],
",3,3,NO,Major,,NOT OPEN AS UWE
Introduction to Physics II,PHY102,PRAC4,ELC11 ELC12 ELC13 CHY1YR,A103,M,02:00 PM,05:00 PM,120,"Sucheta  Mondal[20501696],
",3,3,NO,Major,,NOT OPEN AS UWE
Introduction to Physics II,PHY102,PRAC5,ELC14 ELC15 ELC16 ELC17,A103,W,02:00 PM,05:00 PM,120,"Syed Mohammad Kamil[20500088],
",3,,NO,Major,,NOT OPEN AS UWE
Introduction to Physics II,PHY102,TUT1,CSD11,B007,M,05:00 PM,06:00 PM,40,"Binson  Babu[20501682],
",1,1,NO,Major,,NOT OPEN AS UWE
Introduction to Physics II,PHY102,TUT2,CSD12,D310,W,05:00 PM,06:00 PM,40,"Binson  Babu[20501682],
",1,1,NO,Major,,NOT OPEN AS UWE
Introduction to Physics II,PHY102,TUT3,CSD13 CED1YR,B011,F,05:00 PM,06:00 PM,40,"Binson  Babu[20501682],
",1,1,NO,Major,,NOT OPEN AS UWE
Introduction to Physics II,PHY102,TUT4,CSD14,D226,M,05:00 PM,06:00 PM,40,"Binson  Babu[20501682],
",1,1,NO,Major,,NOT OPEN AS UWE
Introduction to Physics II,PHY102,TUT5,CSD15,B007,W,05:00 PM,06:00 PM,40,"Binson  Babu[20501682],
",1,1,NO,Major,,NOT OPEN AS UWE
Introduction to Physics II,PHY102,TUT6,CSD16 CHY1YR,B311,F,05:00 PM,06:00 PM,40,,1,1,NO,Major,,NOT OPEN AS UWE
Introduction to Physics II,PHY102,TUT7,MED11,D022,F,06:00 PM,07:00 PM,40,"Binson  Babu[20501682],
",1,1,NO,Major,,NOT OPEN AS UWE
Introduction to Physics II,PHY102,TUT8,MED12,D006,F,06:00 PM,07:00 PM,40,"Binson  Babu[20501682],
",1,1,NO,Major,,NOT OPEN AS UWE
Introduction to Physics II,PHY102,TUT9,CHD1YR,A218,F,05:00 PM,06:00 PM,40,"Binson  Babu[20501682],
",1,1,NO,Major,,NOT OPEN AS UWE
Introduction to Physics II,PHY102,TUT10,ELC11,B311,Th,05:00 PM,06:00 PM,40,"Binson  Babu[20501682],
",1,1,NO,Major,,NOT OPEN AS UWE
Introduction to Physics II,PHY102,TUT11,ELC12,B219,T,05:00 PM,06:00 PM,40,"Binson  Babu[20501682],
",1,1,NO,Major,,NOT OPEN AS UWE
Introduction to Physics II,PHY102,TUT12,ELC13,B303,Th,05:00 PM,06:00 PM,40,"Binson  Babu[20501682],
",1,1,NO,Major,,NOT OPEN AS UWE
Introduction to Physics II,PHY102,TUT13,ELC14,A312,T,05:00 PM,06:00 PM,40,"Binson  Babu[20501682],
",1,1,NO,Major,,NOT OPEN AS UWE
Introduction to Physics II,PHY102,TUT14,ELC15,B305,Th,05:00 PM,06:00 PM,40,"Binson  Babu[20501682],
",1,1,NO,Major,,NOT OPEN AS UWE
Introduction to Physics II,PHY102,TUT15,ELC16,A316,T,05:00 PM,06:00 PM,40,"Binson  Babu[20501682],
",1,1,NO,Major,,NOT OPEN AS UWE
Introduction to Physics II,PHY102,TUT16,ELC17,D118,Th,05:00 PM,06:00 PM,40,"Binson  Babu[20501682],
",1,1,NO,Major,,NOT OPEN AS UWE
Fundamentals of Physics II,PHY104,LEC1,PHY1YR CHY1YR,B311,MWF,01:00 PM,02:00 PM,40,"Binson  Babu[20501682],
",3,1,YES,Major,,Open as UWE
Fundamentals of Physics II,PHY104,TUT1,PHY1YR CHY1YR,D210,T,12:00 PM,01:00 PM,40,"Binson  Babu[20501682],
",1,1,YES,Major,,Open as UWE
Fundamentals of Physics II,PHY104,PRAC1,PHY1YR CHY1YR,A103,Th,09:00 AM,12:00 PM,40,"Mayukh  Majumder[20501260],
",3,3,YES,Major,,Open as UWE
Intro. to Comptnl. Phy. II,PHY106,LEC1,PHY1YR,B219,M,09:00 AM,10:00 AM,30,"Rana  Nandi[20501594],
",1,1,YES,Major,,Open as UWE
Intro. to Comptnl. Phy. II,PHY106,TUT1,PHY1YR,B007,W,09:00 AM,10:00 AM,30,"Rana  Nandi[20501594],
",1,1,YES,Major,,Open as UWE
Intro. to Comptnl. Phy. II,PHY106,PRAC1,PHY1YR,A012,T,09:00 AM,11:00 AM,30,"Rana  Nandi[20501594],
",2,2,YES,Major,,Open as UWE
Physics For Life,PHY108,LEC1,BIO1YR CHY1YR,A308,MWF,10:00 AM,11:00 AM,30,"Samarendra Pratap Singh[20500036],
",3,1,YES,Major,,Open as UWE
Physics For Life,PHY108,PRAC1,BIO1YR CHY1YR,A103,T,09:00 AM,12:00 PM,30,"Syed Mohammad Kamil[20500088],
",3,3,YES,Major,,Open as UWE
Intro. to Quantum Mechanics,PHY202,LEC1,PHY2YR,B011,MWF,09:00 AM,10:00 AM,40,"Kenji  Nishiwaki[20501181],
",3,1,YES,Major,,Open as UWE
Intro. to Quantum Mechanics,PHY202,TUT1,PHY2YR,A316,M,01:00 PM,02:00 PM,40,"Kenji  Nishiwaki[20501181],
",1,1,YES,Major,,Open as UWE
Intro. to Mathematical Phy. II,PHY204,LEC1,PHY2YR,B011,TTh,09:00 AM,10:00 AM,30,"Syed Mohammad Kamil[20500088],
",2,1,YES,Major,,Open as UWE
Intro. to Mathematical Phy. II,PHY204,TUT1,PHY2YR,B205,M,02:00 PM,03:00 PM,30,"Syed Mohammad Kamil[20500088],
",1,1,YES,Major,,Open as UWE
Electronics I,PHY206,LEC1,PHY2YR,A312,MW,10:00 AM,11:00 AM,30,"Priya Sudhir Johari[20500084],
",2,1,YES,Major,,Open as UWE
Electronics I,PHY206,TUT1,PHY2YR,D302,F,10:00 AM,11:00 AM,30,"Priya Sudhir Johari[20500084],
",1,1,YES,Major,,Open as UWE
Electronics I,PHY206,PRAC1,PHY2YR,A114,F,02:00 PM,05:00 PM,30,"Priya Sudhir Johari[20500084],
",3,3,YES,Major,,Open as UWE
Advanced Experimental Phy. I,PHY208,LEC1,PHY2YR,D222,T,12:00 PM,01:00 PM,40,"Sajal Kumar Ghosh[20500246],
",1,1,YES,Major,,Open as UWE
Advanced Experimental Phy. I,PHY208,PRAC1,PHY2YR,A105,W,01:00 PM,05:00 PM,40,"Sajal Kumar Ghosh[20500246],
",4,4,YES,Major,,Open as UWE
Statistical Physics,PHY302,LEC1,PHY3YR,B219,MF,03:00 PM,04:30 PM,30,"Subhra  Sen Gupta[20500365],
",3,1,YES,Major,,Open as UWE
Statistical Physics,PHY302,TUT1,PHY3YR,B305,F,02:00 PM,03:00 PM,30,"Subhra  Sen Gupta[20500365],
",1,1,YES,Major,,Open as UWE
Condensed Matter Physics,PHY304,LEC1,PHY3YR,B011,TTh,02:00 PM,03:30 PM,30,"Mayukh  Majumder[20501260],
",3,1,YES,Major,,Open as UWE
Condensed Matter Physics,PHY304,TUT1,PHY3YR,B007,F,01:00 PM,02:00 PM,30,"Mayukh  Majumder[20501260],
",1,1,YES,Major,,Open as UWE
Quantum Mechanics II,PHY306,LEC1,PHY3YR,B305,TTh,10:30 AM,12:00 PM,30,"Arindam  Chatterjee[20501204],
",3,1.5,YES,Major,,Open as UWE
Quantum Mechanics II,PHY306,TUT1,PHY3YR,B205,M,01:00 PM,02:00 PM,30,"Arindam  Chatterjee[20501204],
",1,1,YES,Major,,Open as UWE
Adv. Experimental Physics - II,PHY308,LEC1,PHY3YR,D226,T,12:00 PM,01:00 PM,30,"Bhaskar  Kaviraj[20500244],
",1,1,YES,Major,,Open as UWE
Adv. Experimental Physics - II,PHY308,PRAC1,PHY3YR,A106,W,01:00 PM,05:00 PM,30,"Bhaskar  Kaviraj[20500244],
",4,4,YES,Major,,Open as UWE
Advanced High Energy Physics,PHY561,LEC1,PHY4YR,B007,TTh,03:30 PM,05:00 PM,30,"Kenji  Nishiwaki[20501181],
",3,1.5,Yes,Major Elective,,Open as UWE
Elements of Nuclear Physics,PHY562,LEC1,PHY4YR,B203,MW,03:30 PM,05:00 PM,30,"Sujit Kashinath Tandel[20501802],
",3,1.5,Yes,Major Elective,,Open as UWE
Characterization Of Materials,PHY573,LEC1,PHY4YR,B219,WF,01:00 PM,02:30 PM,30,"Sucheta  Mondal[20501696],
Susanta Sinha Roy[20500095],
",3,1.5,Yes,Major Elective,,Open as UWE
Astroparticle Physics & Cosm..,PHY595,LEC1,PHY4YR,B011,TTh,05:00 PM,06:30 PM,30,"Arindam  Chatterjee[20501204],
",3,1.5,Yes,Major Elective,,Open as UWE
Understanding Modernity,SOC102,LEC1,ENG1YR HIS1YR INT1YR ECO11 ECO12  SOC1YR,D217,M,03:30 PM,05:30 PM,200,"Sreedeep  Bhattacharya[20500250],
",3,1.5,NO,Major,,NOT OPEN AS UWE
Understanding Modernity,SOC102,LEC2,ENG1YR HIS1YR INT1YR ECO11 ECO12  SOC1YR,D217,W,03:30 PM,04:30 PM,200,"Sreedeep  Bhattacharya[20500250],
",,,NO,Major,,NOT OPEN AS UWE
Understanding Modernity,SOC102,TUT1,ENG1YR HIS1YR INT1YR ECO11 ECO12  SOC1YR,D217,W,04:30 PM,05:30 PM,200,"Sreedeep  Bhattacharya[20500250],
",1,1,NO,Major,,NOT OPEN AS UWE
Anthropological Theory,SOC119,LEC1,SOC1YR,A316,TTh,10:30 AM,12:00 PM,30,"Urmila  Bhirdikar[20500858],
",3,1.5,YES,Major,,Open as UWE
Anthropological Theory,SOC119,TUT1,SOC1YR,A312,M,01:00 PM,02:00 PM,30,"Urmila  Bhirdikar[20500858],
",1,1,YES,Major,,Open as UWE
"Hierarchy, Difference, Inequal",SOC120,LEC1,SOC1YR,B305,TTh,02:00 PM,03:30 PM,30,"Saidalavi  P.C.[20501607],
",3,1.5,YES,Major Elective,,Open as UWE
"Hierarchy, Difference, Inequal",SOC120,TUT1,SOC1YR,D118,W,01:00 PM,02:00 PM,30,"Saidalavi  P.C.[20501607],
",1,1,YES,Major Elective,,Open as UWE
Religion and Society,SOC225,LEC1,SOC2YR,B217,TTh,09:00 AM,10:30 AM,30,"Saidalavi  P.C.[20501607],
",3,1.5,YES,Major,,Open as UWE
Religion and Society,SOC225,TUT1,SOC2YR,A308,W,02:00 PM,03:00 PM,30,"Saidalavi  P.C.[20501607],
",1,1,YES,Major,,Open as UWE
State and Citizenship,SOC226,LEC1,SOC2YR,D310,TTh,03:30 PM,05:00 PM,30,"Anita  Sharma[20501003],
",3,1.5,YES,Major,,Open as UWE
State and Citizenship,SOC226,TUT1,SOC2YR,A316,W,01:00 PM,02:00 PM,30,"Anita  Sharma[20501003],
",1,1,YES,Major,,Open as UWE
"Visuality, Power, Optics",SOC228,LEC1,SOC2YR,D206,MW,03:30 PM,05:00 PM,30,"Subhashim  Goswami[20500773],
",3,1.5,YES,Major Elective,,Open as UWE
"Visuality, Power, Optics",SOC228,TUT1,SOC2YR,D306,F,03:00 PM,04:00 PM,30,"Subhashim  Goswami[20500773],
",1,1,YES,Major Elective,,Open as UWE
Anthropology of Climate Change,SOC305,LEC1,SOC3YR,B207,TTh,02:00 PM,03:30 PM,30,"Vasundhara  Bhojvaid[20501005],
",3,1.5,YES,Major Elective,,Open as UWE
Anthropology of Climate Change,SOC305,TUT1,SOC3YR,D306,F,02:00 PM,03:00 PM,30,"Vasundhara  Bhojvaid[20501005],
",1,1,YES,Major Elective,,Open as UWE
The Life of Law,SOC317,LEC1,SOC3YR,A308,TTh,10:30 AM,12:00 PM,30,"Devika  Bordia[20500658],
",3,1.5,YES,Major Elective,,Open as UWE
The Life of Law,SOC317,TUT1,SOC3YR,D106,W,04:00 PM,05:00 PM,30,"Devika  Bordia[20500658],
",1,1,YES,Major Elective,,Open as UWE
Field Archive Ethnography,SOC324,LEC1,SOC3YR,D302,MW,01:00 PM,02:30 PM,30,"Subhashim  Goswami[20500773],
",3,1.5,YES,Major,,Open as UWE
Field Archive Ethnography,SOC324,TUT1,SOC3YR,D102,F,01:00 PM,02:00 PM,30,"Subhashim  Goswami[20500773],
",1,1,YES,Major,,Open as UWE
Anthropology of the Body,SOC325,LEC1,SOC4YR,B219,TTh,09:00 AM,10:30 AM,30,"Tuhina  Ganguly[20500765],
",3,1.5,Yes,Major Elective,,Open as UWE
Anthropology of the Body,SOC325,TUT1,SOC4YR,D310,F,02:00 PM,03:00 PM,30,"Tuhina  Ganguly[20500765],
",1,1,Yes,Major Elective,,Open as UWE
Rap Music in Multiple Contexts,SOC326,LEC1,SOC3YR,D118,TTh,03:30 PM,05:00 PM,30,"Urmila  Bhirdikar[20500858],
",3,1.5,YES,Major Elective,,Open as UWE
Rap Music in Multiple Contexts,SOC326,TUT1,SOC3YR,D310,M,04:00 PM,05:00 PM,30,"Urmila  Bhirdikar[20500858],
",1,1,YES,Major Elective,,Open as UWE
"Mind, Self and Mental Health",SOC328,LEC1,SOC4YR,B307,TTh,02:00 PM,03:30 PM,30,"Tuhina  Ganguly[20500765],
",3,1.5,YES,Major Elective,,Open as UWE
"Mind, Self and Mental Health",SOC328,TUT1,SOC4YR,D302,F,04:00 PM,05:00 PM,30,"Tuhina  Ganguly[20500765],
",1,1,YES,Major Elective,,Open as UWE
The Politics of Life and Death,SOC414,LEC1,SOC4YR,B311,TTh,03:30 PM,05:00 PM,30,"Devika  Bordia[20500658],
",3,1.5,YES,Major Elective,,Open as UWE
The Politics of Life and Death,SOC414,TUT1,SOC4YR,D118,W,02:00 PM,03:00 PM,30,"Devika  Bordia[20500658],
",1,1,YES,Major Elective,,Open as UWE
Sociology of Art,SOC418,LEC1,SOC4YR,D210,MW,03:30 PM,05:00 PM,30,Roma Chatterji,3,1.5,YES,Major Elective,,Open as UWE
Sociology of Art,SOC418,TUT1,SOC4YR,D302,T,12:00 PM,01:00 PM,30,Roma Chatterji,1,1,YES,Major Elective,,Open as UWE
Business Simulation,STM303,LEC1,BMS3YR,B108,F,01:00 PM,05:00 PM,120,"Pradeep  Mehra[20501341],
",2,2,NO,Major,,NOT OPEN AS UWE
Advance Strategic Management,STM403,LEC1,BMS3YR BMS4YR,B309,M,03:00 PM,05:00 PM,60,"Deepak Kumar Sinha[20501452],
",2,2,YES,Major Elective,,Open as UWE
Advance Strategic Management,STM403,PRAC1,BMS3YR BMS4YR,B012,W,03:00 PM,04:00 PM,60,"Deepak Kumar Sinha[20501452],
",1,1,YES,Major Elective,,Open as UWE
Mngmt Consultancy Practicum,STM405,PRAC1,BMS4YR,Online,F,06:00 PM,09:00 PM,20,"Bikramjit  Rishi[20501490],
",3,3,NO,Major Elective,,NOT OPEN AS UWE
Mandarin I,MDR102,LEC1,,D302,MW,03:00 PM,04:30 PM,20,Shis Ting Lin,,,YES,UWE,,Open as UWE
Mandarin I,MDR102,TUT1,,D006,S,01:00 PM,02:00 PM,20,Shis Ting Lin,,,YES,UWE,,Open as UWE
,MDR152,LEC1,,D122,MW,06:30 PM,08:00 PM,20,Shis Ting Lin,,,YES,UWE,,Open as UWE
,MDR152,TUT1,,D006,S,02:00 PM,03:00 PM,20,Shis Ting Lin,,,YES,UWE,,Open as UWE
,MDR202,LEC1,,D122,MW,05:00 PM,06:30 PM,20,,,,YES,UWE,,Open as UWE
,MDR202,TUT1,,D006,S,03:00 PM,04:00 PM,20,,,,YES,UWE,,Open as UWE
